18;0;0;1;0
784;0;0;2;0
1406;0;0;2;0
1155;0;0;2;0
75;0;0;1;0
326;0;0;1;0
478;0;0;1;0
1091;0;0;2;0
818;0;0;2;0
60;0;0;1;0
347;0;0;1;0
218;0;0;1;0
237;0;0;1;0
712;0;0;1;0
842;0;0;2;0
589;0;0;1;0
141;0;0;1;0
173;0;0;1;0
703;0;0;1;0
1303;0;0;2;0
32;0;0;1;0
1082;0;0;2;0
493;0;0;1;0
876;0;0;2;0
232;0;0;1;0
371;0;0;1;0
694;0;0;1;0
346;0;0;1;0
1240;0;0;2;0
1148;0;0;2;0
970;0;0;2;0
457;0;0;1;0
713;0;0;1;0
417;0;0;1;0
700;0;0;1;0
55;0;0;1;0
1207;0;0;2;0
981;0;0;2;0
816;0;0;2;0
1229;0;0;2;0
120;0;0;1;0
1213;0;0;2;0
433;0;0;1;0
230;0;0;1;0
565;0;0;1;0
77;0;0;1;0
807;0;0;2;0
42;0;0;1;0
167;0;0;1;0
531;0;0;1;0
1190;0;0;2;0
505;0;0;1;0
982;0;0;2;0
607;0;0;1;0
1297;0;0;2;0
788;0;0;2;0
530;0;0;1;0
125;0;0;1;0
1171;0;0;2;0
118;0;0;1;0
1139;0;0;2;0
8;0;0;1;0
1026;0;0;2;0
31;0;0;1;0
357;0;0;1;0
1405;0;0;2;0
360;0;0;1;0
799;0;0;2;0
817;0;0;2;0
1011;0;0;2;0
21;0;0;1;0
242;0;0;1;0
950;0;0;2;0
1048;0;0;2;0
835;0;0;2;0
398;0;0;1;0
1424;0;0;2;0
130;0;0;1;0
1164;0;0;2;0
682;0;0;1;0
91;0;0;1;0
951;0;0;2;0
445;0;0;1;0
266;0;0;1;0
293;0;0;1;0
995;0;0;2;0
668;0;0;1;0
834;0;0;2;0
429;0;0;1;0
341;0;0;1;0
1287;0;0;2;0
541;0;0;1;0
1418;0;0;2;0
400;0;0;1;0
1004;0;0;2;0
458;0;0;1;0
900;0;0;2;0
65;0;0;1;0
942;0;0;2;0
801;0;0;2;0
617;0;0;1;0
1223;0;0;2;0
585;0;0;1;0
1319;0;0;2;0
265;0;0;1;0
786;0;0;2;0
697;0;0;1;0
146;0;0;1;0
708;0;0;1;0
99;0;0;1;0
1184;0;0;2;0
811;0;0;2;0
1143;0;0;2;0
1069;0;0;2;0
1062;0;0;2;0
1185;0;0;2;0
249;0;0;1;0
323;0;0;1;0
1436;0;0;2;0
558;0;0;1;0
679;0;0;1;0
647;0;0;1;0
775;0;0;2;0
1304;0;0;2;0
1245;0;0;2;0
1042;0;0;2;0
1215;0;0;2;0
169;0;0;1;0
1186;0;0;2;0
24;0;0;1;0
843;0;0;2;0
906;0;0;2;0
1135;0;0;2;0
1116;0;0;2;0
1007;0;0;2;0
960;0;0;2;0
819;0;0;2;0
86;0;0;1;0
1326;0;0;2;0
327;0;0;1;0
1306;0;0;2;0
651;0;0;1;0
123;0;0;1;0
540;0;0;1;0
66;0;0;1;0
588;0;0;1;0
1270;0;0;2;0
771;0;0;2;0
139;0;0;1;0
390;0;0;1;0
403;0;0;1;0
1194;0;0;2;0
1277;0;0;2;0
1261;0;0;2;0
285;0;0;1;0
1332;0;0;2;0
533;0;0;1;0
1089;0;0;2;0
213;0;0;1;0
1197;0;0;2;0
1063;0;0;2;0
58;0;0;1;0
325;0;0;1;0
290;0;0;1;0
855;0;0;2;0
1109;0;0;2;0
1151;0;0;2;0
569;0;0;1;0
698;0;0;1;0
780;0;0;2;0
1372;0;0;2;0
520;0;0;1;0
1302;0;0;2;0
316;0;0;1;0
790;0;0;2;0
633;0;0;1;0
1275;0;0;2;0
809;0;0;2;0
414;0;0;1;0
690;0;0;1;0
406;0;0;1;0
1046;0;0;2;0
1054;0;0;2;0
324;0;0;1;0
797;0;0;2;0
1119;0;0;2;0
1140;0;0;2;0
411;0;0;1;0
1400;0;0;2;0
688;0;0;1;0
258;0;0;1;0
1273;0;0;2;0
489;0;0;1;0
743;0;0;2;0
256;0;0;1;0
1162;0;0;2;0
1111;0;0;2;0
922;0;0;2;0
430;0;0;1;0
1057;0;0;2;0
1142;0;0;2;0
1388;0;0;2;0
600;0;0;1;0
474;0;0;1;0
1266;0;0;2;0
1099;0;0;2;0
663;0;0;1;0
1068;0;0;2;0
1369;0;0;2;0
567;0;0;1;0
1158;0;0;2;0
1328;0;0;2;0
195;0;0;1;0
741;0;0;2;0
1023;0;0;2;0
660;0;0;1;0
620;0;0;1;0
746;0;0;2;0
1278;0;0;2;0
391;0;0;1;0
1085;0;0;2;0
498;0;0;1;0
1044;0;0;2;0
1348;0;0;2;0
74;0;0;1;0
510;0;0;1;0
729;0;0;2;0
128;0;0;1;0
30;0;0;1;0
313;0;0;1;0
1263;0;0;2;0
1180;0;0;2;0
955;0;0;2;0
1381;0;0;2;0
781;0;0;2;0
95;0;0;1;0
696;0;0;1;0
56;0;0;1;0
431;0;0;1;0
557;0;0;1;0
634;0;0;1;0
204;0;0;1;0
976;0;0;2;0
535;0;0;1;0
1357;0;0;2;0
1108;0;0;2;0
122;0;0;1;0
298;0;0;1;0
1074;0;0;2;0
1152;0;0;2;0
857;0;0;2;0
571;0;0;1;0
1265;0;0;2;0
38;0;0;1;0
1086;0;0;2;0
1041;0;0;2;0
1272;0;0;2;0
1075;0;0;2;0
444;0;0;1;0
388;0;0;1;0
581;0;0;1;0
47;0;0;1;0
1187;0;0;2;0
34;0;0;1;0
294;0;0;1;0
1247;0;0;2;0
420;0;0;1;0
862;0;0;2;0
351;0;0;1;0
1417;0;0;2;0
601;0;0;1;0
892;0;0;2;0
884;0;0;2;0
926;0;0;2;0
207;0;0;1;0
1165;0;0;2;0
662;0;0;1;0
428;0;0;1;0
778;0;0;2;0
407;0;0;1;0
917;0;0;2;0
975;0;0;2;0
465;0;0;1;0
783;0;0;2;0
240;0;0;1;0
96;0;0;1;0
579;0;0;1;0
216;0;0;1;0
1387;0;0;2;0
598;0;0;1;0
1403;0;0;2;0
992;0;0;2;0
482;0;0;1;0
886;0;0;2;0
1226;0;0;2;0
805;0;0;2;0
755;0;0;2;0
943;0;0;2;0
1104;0;0;2;0
160;0;0;1;0
1419;0;0;2;0
121;0;0;1;0
1034;0;0;2;0
1203;0;0;2;0
1410;0;0;2;0
575;0;0;1;0
1080;0;0;2;0
1258;0;0;2;0
613;0;0;1;0
455;0;0;1;0
389;0;0;1;0
71;0;0;1;0
426;0;0;1;0
903;0;0;2;0
502;0;0;1;0
905;0;0;2;0
717;0;0;1;0
1439;0;0;2;0
736;0;0;2;0
772;0;0;2;0
962;0;0;2;0
606;0;0;1;0
168;0;0;1;0
769;0;0;2;0
464;0;0;1;0
1231;0;0;2;0
1301;0;0;2;0
789;0;0;2;0
434;0;0;1;0
1335;0;0;2;0
977;0;0;2;0
2;0;0;1;0
156;0;0;1;0
101;0;0;1;0
810;0;0;2;0
110;0;0;1;0
98;0;0;1;0
1364;0;0;2;0
675;0;0;1;0
904;0;0;2;0
1323;0;0;2;0
509;0;0;1;0
1167;0;0;2;0
387;0;0;1;0
649;0;0;1;0
1036;0;0;2;0
191;0;0;1;0
135;0;0;1;0
747;0;0;2;0
102;0;0;1;0
132;0;0;1;0
1115;0;0;2;0
851;0;0;2;0
1191;0;0;2;0
362;0;0;1;0
1230;0;0;2;0
687;0;0;1;0
180;0;0;1;0
1365;0;0;2;0
762;0;0;2;0
1253;0;0;2;1
814;0;0;2;1
1330;0;0;2;1
175;0;0;1;1
1061;0;0;2;1
291;0;0;1;1
844;0;0;2;1
966;0;0;2;1
985;0;0;2;1
260;0;0;1;1
731;0;0;2;1
231;0;0;1;1
878;0;0;2;1
953;0;0;2;1
267;0;0;1;1
1156;0;0;2;1
210;0;0;1;1
475;0;0;1;1
1128;0;0;2;1
304;0;0;1;1
322;0;0;1;1
401;0;0;1;1
275;0;0;1;1
1298;0;0;2;1
624;0;0;1;1
193;0;0;1;1
666;0;0;1;1
1002;0;0;2;1
461;0;0;1;1
63;0;0;1;1
899;0;0;2;1
442;0;0;1;1
837;0;0;2;1
1321;0;0;2;1
1435;0;0;2;1
147;0;0;1;1
734;0;0;2;1
438;0;0;1;1
1049;0;0;2;1
760;0;0;2;1
399;0;0;1;1
1066;0;0;2;1
76;0;0;1;1
189;0;0;1;1
138;0;0;1;1
576;0;0;1;1
946;0;0;2;1
1299;0;0;2;1
1056;0;0;2;1
669;0;0;1;1
745;0;0;2;1
1384;0;0;2;1
921;0;0;2;1
184;0;0;1;1
1289;0;0;2;1
677;0;0;1;1
673;0;0;1;1
220;0;0;1;1
247;0;0;1;1
70;0;0;1;1
134;0;0;1;1
41;0;0;1;1
1032;0;0;2;1
229;0;0;1;1
827;0;0;2;1
591;0;0;1;1
1188;0;0;2;1
754;0;0;2;1
776;0;0;2;1
726;0;0;2;1
1390;0;0;2;1
1079;0;0;2;1
201;0;0;1;1
451;0;0;1;1
635;0;0;1;1
4;0;0;1;1
1293;0;0;2;1
1078;0;0;2;1
257;0;0;1;1
526;0;0;1;1
506;0;0;1;1
709;0;0;1;1
1310;0;0;2;1
578;0;0;1;1
1005;0;0;2;1
564;0;0;1;1
674;0;0;1;1
764;0;0;2;1
20;0;0;1;1
652;0;0;1;1
1217;0;0;2;1
1175;0;0;2;1
248;0;0;1;1
1083;0;0;2;1
705;0;0;1;1
544;0;0;1;1
1031;0;0;2;1
1281;0;0;2;1
849;0;0;2;1
527;0;0;1;1
766;0;0;2;1
286;0;0;1;1
723;0;0;2;1
1347;0;0;2;1
724;0;0;2;1
279;0;0;1;1
1206;0;0;2;1
858;0;0;2;1
1316;0;0;2;1
1398;0;0;2;1
1345;0;0;2;1
939;0;0;2;1
1380;0;0;2;1
711;0;0;1;1
1137;0;0;2;1
69;0;0;1;1
1214;0;0;2;1
1354;0;0;2;1
1262;0;0;2;1
212;0;0;1;1
1045;0;0;2;1
956;0;0;2;1
1064;0;0;2;1
560;0;0;1;1
27;0;0;1;1
958;0;0;2;1
1134;0;0;2;1
1239;0;0;2;1
718;0;0;1;1
45;0;0;1;1
1352;0;0;2;1
383;0;0;1;1
10;0;0;1;1
1076;0;0;2;1
867;0;0;2;1
889;0;0;2;1
1342;0;0;2;1
23;0;0;1;1
570;0;0;1;1
170;0;0;1;1
890;0;0;2;1
365;0;0;1;1
629;0;0;1;1
412;0;0;1;1
221;0;0;1;1
1415;0;0;2;1
450;0;0;1;1
154;0;0;1;1
1018;0;0;2;1
684;0;0;1;1
891;0;0;2;1
785;0;0;2;1
568;0;0;1;1
1009;0;0;2;1
996;0;0;2;1
1138;0;0;2;1
622;0;0;1;1
667;0;0;1;1
194;0;0;1;1
385;0;0;1;1
270;0;0;1;1
337;0;0;1;1
967;0;0;2;1
1264;0;0;2;1
1127;0;0;2;1
1112;0;0;2;1
608;0;0;1;1
1106;0;0;2;1
861;0;0;2;1
1292;0;0;2;1
836;0;0;2;1
363;0;0;1;1
162;0;0;1;1
78;0;0;1;1
17;0;0;1;1
636;0;0;1;1
1012;0;0;2;1
968;0;0;2;1
935;0;0;2;1
874;0;0;2;1
274;0;0;1;1
81;0;0;1;1
592;0;0;1;1
1016;0;0;2;1
1378;0;0;2;1
487;0;0;1;1
1257;0;0;2;1
1250;0;0;2;1
537;0;0;1;1
768;0;0;2;1
642;0;0;1;1
948;0;0;2;1
604;0;0;1;1
1179;0;0;2;1
1394;0;0;2;1
1339;0;0;2;1
448;0;0;1;1
1073;0;0;2;1
937;0;0;2;1
306;0;0;1;1
971;0;0;2;1
1101;0;0;2;1
1371;0;0;2;1
929;0;0;2;1
611;0;0;1;1
1260;0;0;2;1
881;0;0;2;1
282;0;0;1;1
358;0;0;1;1
1195;0;0;2;1
1423;0;0;2;1
1399;0;0;2;1
631;0;0;1;1
984;0;0;2;1
37;0;0;1;1
233;0;0;1;1
1244;0;0;2;1
1274;0;0;2;1
738;0;0;2;1
612;0;0;1;1
1336;0;0;2;1
349;0;0;1;1
761;0;0;2;1
997;0;0;2;1
1153;0;0;2;1
918;0;0;2;1
1438;0;0;2;1
447;0;0;1;1
806;0;0;2;1
1396;0;0;2;1
1059;0;0;2;1
1269;0;0;2;1
380;0;0;1;1
692;0;0;1;1
512;0;0;1;1
155;0;0;1;1
137;0;0;1;1
824;0;0;2;1
111;0;0;1;1
561;0;0;1;1
142;0;0;1;1
310;0;0;1;1
1237;0;0;2;1
1028;0;0;2;1
377;0;0;1;1
14;0;0;1;1
572;0;0;1;1
1370;0;0;2;1
1434;0;0;2;1
1259;0;0;2;1
46;0;0;1;1
335;0;0;1;1
969;0;0;2;1
1232;0;0;2;1
507;0;0;1;1
152;0;0;1;1
658;0;0;1;1
1376;0;0;2;1
829;0;0;2;1
887;0;0;2;1
856;0;0;2;1
763;0;0;2;1
825;0;0;2;1
476;0;0;1;1
1313;0;0;2;1
740;0;0;2;1
866;0;0;2;1
227;0;0;1;1
1038;0;0;2;1
241;0;0;1;1
980;0;0;2;1
1107;0;0;2;1
657;0;0;1;1
1114;0;0;2;1
542;0;0;1;1
714;0;0;1;1
1052;0;0;2;1
492;0;0;1;1
1126;0;0;2;1
177;0;0;1;1
163;0;0;1;1
1070;0;0;2;1
462;0;0;1;1
1144;0;0;2;1
33;0;0;1;1
593;0;0;1;1
1150;0;0;2;1
456;0;0;1;1
974;0;0;2;1
1176;0;0;2;1
676;0;0;1;1
1120;0;0;2;1
683;0;0;1;1
1222;0;0;2;1
1324;0;0;2;1
791;0;0;2;1
1437;0;0;2;1
140;0;0;1;1
1331;0;0;2;1
302;0;0;1;1
176;0;0;1;1
1241;0;0;2;1
748;0;0;2;1
397;0;0;1;1
11;0;0;1;1
1177;0;0;2;1
1055;0;0;2;1
1160;0;0;2;1
1249;0;0;2;1
888;0;0;2;1
206;0;0;1;1
1358;0;0;2;1
556;0;0;1;1
1124;0;0;2;1
309;0;0;1;1
1311;0;0;2;1
1204;0;0;2;1
986;0;0;2;1
804;0;0;2;1
773;0;0;2;1
344;0;0;1;1
115;0;0;1;1
1090;0;0;2;1
36;0;0;1;1
994;0;0;2;1
424;0;0;1;1
945;0;0;2;1
716;0;0;1;1
422;0;0;1;1
1366;0;0;2;1
297;0;0;1;1
1346;0;0;2;1
1029;0;0;2;1
314;0;0;1;1
1154;0;0;2;1
941;0;0;2;1
145;0;0;1;1
615;0;0;1;1
1168;0;0;2;1
911;0;0;2;1
813;0;0;2;1
927;0;0;2;1
272;0;0;1;1
1157;0;0;2;1
29;0;0;1;1
1236;0;0;2;1
1279;0;0;2;1
113;0;0;1;1
495;0;0;1;1
73;0;0;1;1
67;0;0;1;1
353;0;0;1;1
321;0;0;1;1
215;0;0;1;1
419;0;0;1;1
1404;0;0;2;1
566;0;0;1;1
226;0;0;1;1
28;0;0;1;1
989;0;0;2;1
1314;0;0;2;2
839;0;0;2;2
870;0;0;2;2
1337;0;0;2;2
632;0;0;1;2
183;0;0;1;2
871;0;0;2;2
650;0;0;1;2
621;0;0;1;2
192;0;0;1;2
823;0;0;2;2
895;0;0;2;2
1308;0;0;2;2
653;0;0;1;2
1360;0;0;2;2
605;0;0;1;2
196;0;0;1;2
90;0;0;1;2
665;0;0;1;2
1210;0;0;2;2
427;0;0;1;2
1001;0;0;2;2
467;0;0;1;2
930;0;0;2;2
954;0;0;2;2
186;0;0;1;2
1295;0;0;2;2
1008;0;0;2;2
1043;0;0;2;2
963;0;0;2;2
964;0;0;2;2
318;0;0;1;2
590;0;0;1;2
689;0;0;1;2
1416;0;0;2;2
1102;0;0;2;2
815;0;0;2;2
901;0;0;2;2
446;0;0;1;2
483;0;0;1;2
330;0;0;1;2
354;0;0;1;2
405;0;0;1;2
875;0;0;2;2
681;0;0;1;2
281;0;0;1;2
394;0;0;1;2
452;0;0;1;2
1267;0;0;2;2
1022;0;0;2;2
853;0;0;2;2
150;0;0;1;2
1392;0;0;2;2
0;0;0;1;2
725;0;0;2;2
796;0;0;2;2
1359;0;0;2;2
826;0;0;2;2
924;0;0;2;2
1377;0;0;2;2
859;0;0;2;2
299;0;0;1;2
1349;0;0;2;2
367;0;0;1;2
129;0;0;1;2
787;0;0;2;2
863;0;0;2;2
1081;0;0;2;2
149;0;0;1;2
484;0;0;1;2
1201;0;0;2;2
151;0;0;1;2
932;0;0;2;2
701;0;0;1;2
630;0;0;1;2
1412;0;0;2;2
1379;0;0;2;2
331;0;0;1;2
1098;0;0;2;2
1353;0;0;2;2
1094;0;0;2;2
596;0;0;1;2
44;0;0;1;2
1333;0;0;2;2
925;0;0;2;2
993;0;0;2;2
656;0;0;1;2
268;0;0;1;2
619;0;0;1;2
685;0;0;1;2
627;0;0;1;2
328;0;0;1;2
931;0;0;2;2
9;0;0;1;2
1362;0;0;2;2
1351;0;0;2;2
317;0;0;1;2
1113;0;0;2;2
181;0;0;1;2
774;0;0;2;2
704;0;0;1;2
472;0;0;1;2
251;0;0;1;2
1268;0;0;2;2
765;0;0;2;2
356;0;0;1;2
1373;0;0;2;2
501;0;0;1;2
277;0;0;1;2
1280;0;0;2;2
334;0;0;1;2
699;0;0;1;2
112;0;0;1;2
59;0;0;1;2
944;0;0;2;2
513;0;0;1;2
345;0;0;1;2
276;0;0;1;2
1200;0;0;2;2
868;0;0;2;2
983;0;0;2;2
928;0;0;2;2
646;0;0;1;2
794;0;0;2;2
187;0;0;1;2
469;0;0;1;2
885;0;0;2;2
1413;0;0;2;2
987;0;0;2;2
1013;0;0;2;2
459;0;0;1;2
1329;0;0;2;2
961;0;0;2;2
94;0;0;1;2
136;0;0;1;2
916;0;0;2;2
375;0;0;1;2
395;0;0;1;2
338;0;0;1;2
262;0;0;1;2
532;0;0;1;2
393;0;0;1;2
539;0;0;1;2
972;0;0;2;2
719;0;0;1;2
437;0;0;1;2
200;0;0;1;2
490;0;0;1;2
370;0;0;1;2
999;0;0;2;2
1414;0;0;2;2
912;0;0;2;2
178;0;0;1;2
529;0;0;1;2
410;0;0;1;2
1021;0;0;2;2
869;0;0;2;2
339;0;0;1;2
947;0;0;2;2
750;0;0;2;2
208;0;0;1;2
1174;0;0;2;2
491;0;0;1;2
1411;0;0;2;2
672;0;0;1;2
865;0;0;2;2
203;0;0;1;2
550;0;0;1;2
670;0;0;1;2
463;0;0;1;2
40;0;0;1;2
609;0;0;1;2
255;0;0;1;2
89;0;0;1;2
582;0;0;1;2
751;0;0;2;2
1125;0;0;2;2
742;0;0;2;2
872;0;0;2;2
1173;0;0;2;2
1169;0;0;2;2
303;0;0;1;2
144;0;0;1;2
907;0;0;2;2
211;0;0;1;2
1315;0;0;2;2
185;0;0;1;2
1097;0;0;2;2
603;0;0;1;2
1211;0;0;2;2
1402;0;0;2;2
35;0;0;1;2
1276;0;0;2;2
336;0;0;1;2
1189;0;0;2;2
973;0;0;2;2
84;0;0;1;2
618;0;0;1;2
343;0;0;1;2
1430;0;0;2;2
678;0;0;1;2
1235;0;0;2;2
1065;0;0;2;2
361;0;0;1;2
3;0;0;1;2
854;0;0;2;2
1407;0;0;2;2
1172;0;0;2;2
1077;0;0;2;2
721;0;0;2;2
1375;0;0;2;2
307;0;0;1;2
1290;0;0;2;2
1386;0;0;2;2
1015;0;0;2;2
1067;0;0;2;2
479;0;0;1;2
368;0;0;1;2
374;0;0;1;2
525;0;0;1;2
1209;0;0;2;2
641;0;0;1;2
894;0;0;2;2
1193;0;0;2;2
695;0;0;1;2
52;0;0;1;2
1243;0;0;2;2
468;0;0;1;2
1019;0;0;2;2
80;0;0;1;2
873;0;0;2;2
1300;0;0;2;2
161;0;0;1;2
432;0;0;1;2
595;0;0;1;2
164;0;0;1;2
182;0;0;1;2
1256;0;0;2;2
551;0;0;1;2
645;0;0;1;2
664;0;0;1;2
488;0;0;1;2
350;0;0;1;2
188;0;0;1;2
1356;0;0;2;2
443;0;0;1;2
661;0;0;1;2
1409;0;0;2;2
534;0;0;1;2
54;0;0;1;2
1317;0;0;2;2
85;0;0;1;2
261;0;0;1;2
880;0;0;2;2
1320;0;0;2;2
165;0;0;1;2
224;0;0;1;2
1255;0;0;2;2
503;0;0;1;2
1389;0;0;2;2
284;0;0;1;2
244;0;0;1;2
1;0;0;1;2
373;0;0;1;2
616;0;0;1;2
500;0;0;1;2
522;0;0;1;2
757;0;0;2;2
1422;0;0;2;2
599;0;0;1;2
254;0;0;1;2
384;0;0;1;2
800;0;0;2;2
273;0;0;1;2
26;0;0;1;2
1159;0;0;2;2
940;0;0;2;2
1141;0;0;2;2
1095;0;0;2;2
882;0;0;2;2
1218;0;0;2;2
1340;0;0;2;2
441;0;0;1;2
998;0;0;2;2
253;0;0;1;2
847;0;0;2;2
379;0;0;1;2
312;0;0;1;2
1199;0;0;2;2
516;0;0;1;2
1283;0;0;2;2
908;0;0;2;2
1035;0;0;2;2
841;0;0;2;2
897;0;0;2;2
614;0;0;1;2
782;0;0;2;2
1355;0;0;2;2
440;0;0;1;2
637;0;0;1;2
439;0;0;1;2
779;0;0;2;2
425;0;0;1;2
174;0;0;1;2
100;0;0;1;2
1181;0;0;2;2
1040;0;0;2;2
1110;0;0;2;2
342;0;0;1;2
287;0;0;1;2
767;0;0;2;2
1429;0;0;2;2
846;0;0;2;2
597;0;0;1;2
1325;0;0;2;2
250;0;0;1;2
332;0;0;1;2
808;0;0;2;2
1103;0;0;2;2
1433;0;0;2;2
693;0;0;1;2
959;0;0;2;2
523;0;0;1;2
1100;0;0;2;2
205;0;0;1;2
706;0;0;1;2
12;0;0;1;2
234;0;0;1;2
382;0;0;1;2
1105;0;0;2;2
1368;0;0;2;2
305;0;0;1;2
1123;0;0;2;2
896;0;0;2;2
979;0;0;2;2
88;0;0;1;2
496;0;0;1;2
990;0;0;2;2
319;0;0;1;2
235;0;0;1;2
1233;0;0;2;2
1033;0;0;2;2
301;0;0;1;2
236;0;0;1;2
1397;0;0;2;2
68;0;0;1;2
1221;0;0;2;2
910;0;0;2;2
131;0;0;1;2
43;0;0;1;2
803;0;0;2;2
223;0;0;1;2
239;0;0;1;2
292;0;0;1;2
243;0;0;1;2
396;0;0;1;2
61;0;0;1;2
1192;0;0;2;2
153;0;0;1;2
359;0;0;1;2
1393;0;0;2;3
436;0;0;1;3
105;0;0;1;3
1161;0;0;2;3
938;0;0;2;3
1361;0;0;2;3
1058;0;0;2;3
423;0;0;1;3
219;0;0;1;3
1014;0;0;2;3
355;0;0;1;3
369;0;0;1;3
190;0;0;1;3
1343;0;0;2;3
1205;0;0;2;3
1051;0;0;2;3
628;0;0;1;3
831;0;0;2;3
594;0;0;1;3
473;0;0;1;3
546;0;0;1;3
1234;0;0;2;3
720;0;0;2;3
1408;0;0;2;3
202;0;0;1;3
543;0;0;1;3
832;0;0;2;3
386;0;0;1;3
449;0;0;1;3
83;0;0;1;3
466;0;0;1;3
1220;0;0;2;3
1318;0;0;2;3
352;0;0;1;3
828;0;0;2;3
610;0;0;1;3
320;0;0;1;3
107;0;0;1;3
648;0;0;1;3
1382;0;0;2;3
1291;0;0;2;3
1282;0;0;2;3
1284;0;0;2;3
625;0;0;1;3
957;0;0;2;3
949;0;0;2;3
1426;0;0;2;3
1202;0;0;2;3
5;0;0;1;3
739;0;0;2;3
64;0;0;1;3
517;0;0;1;3
1248;0;0;2;3
587;0;0;1;3
1427;0;0;2;3
296;0;0;1;3
92;0;0;1;3
1087;0;0;2;3
553;0;0;1;3
114;0;0;1;3
659;0;0;1;3
1000;0;0;2;3
920;0;0;2;3
1198;0;0;2;3
1341;0;0;2;3
179;0;0;1;3
1288;0;0;2;3
82;0;0;1;3
1071;0;0;2;3
1132;0;0;2;3
521;0;0;1;3
1224;0;0;2;3
1196;0;0;2;3
278;0;0;1;3
538;0;0;1;3
1166;0;0;2;3
421;0;0;1;3
548;0;0;1;3
1006;0;0;2;3
1312;0;0;2;3
644;0;0;1;3
13;0;0;1;3
126;0;0;1;3
245;0;0;1;3
554;0;0;1;3
485;0;0;1;3
333;0;0;1;3
893;0;0;2;3
1020;0;0;2;3
559;0;0;1;3
902;0;0;2;3
283;0;0;1;3
744;0;0;2;3
1338;0;0;2;3
109;0;0;1;3
1420;0;0;2;3
1395;0;0;2;3
913;0;0;2;3
1084;0;0;2;3
1131;0;0;2;3
119;0;0;1;3
288;0;0;1;3
104;0;0;1;3
988;0;0;2;3
793;0;0;2;3
877;0;0;2;3
48;0;0;1;3
295;0;0;1;3
1178;0;0;2;3
733;0;0;2;3
756;0;0;2;3
378;0;0;1;3
812;0;0;2;3
364;0;0;1;3
1225;0;0;2;3
222;0;0;1;3
1216;0;0;2;3
1271;0;0;2;3
518;0;0;1;3
289;0;0;1;3
415;0;0;1;3
217;0;0;1;3
1227;0;0;2;3
49;0;0;1;3
749;0;0;2;3
1296;0;0;2;3
978;0;0;2;3
914;0;0;2;3
62;0;0;1;3
638;0;0;1;3
157;0;0;1;3
850;0;0;2;3
348;0;0;1;3
16;0;0;1;3
340;0;0;1;3
1118;0;0;2;3
691;0;0;1;3
214;0;0;1;3
413;0;0;1;3
1305;0;0;2;3
845;0;0;2;3
1238;0;0;2;3
852;0;0;2;3
1431;0;0;2;3
573;0;0;1;3
574;0;0;1;3
655;0;0;1;3
1096;0;0;2;3
639;0;0;1;3
820;0;0;2;3
515;0;0;1;3
1093;0;0;2;3
252;0;0;1;3
1374;0;0;2;3
6;0;0;1;3
1307;0;0;2;3
1025;0;0;2;3
577;0;0;1;3
408;0;0;1;3
702;0;0;1;3
728;0;0;2;3
753;0;0;2;3
381;0;0;1;3
555;0;0;1;3
710;0;0;1;3
225;0;0;1;3
454;0;0;1;3
271;0;0;1;3
770;0;0;2;3
640;0;0;1;3
848;0;0;2;3
197;0;0;1;3
1391;0;0;2;3
315;0;0;1;3
148;0;0;1;3
923;0;0;2;3
1053;0;0;2;3
1383;0;0;2;3
15;0;0;1;3
1182;0;0;2;3
602;0;0;1;3
830;0;0;2;3
497;0;0;1;3
860;0;0;2;3
732;0;0;2;3
802;0;0;2;3
1050;0;0;2;3
1129;0;0;2;3
106;0;0;1;3
198;0;0;1;3
552;0;0;1;3
952;0;0;2;3
1228;0;0;2;3
1037;0;0;2;3
1072;0;0;2;3
519;0;0;1;3
1344;0;0;2;3
822;0;0;2;3
735;0;0;2;3
1017;0;0;2;3
1309;0;0;2;3
727;0;0;2;3
57;0;0;1;3
536;0;0;1;3
453;0;0;1;3
583;0;0;1;3
116;0;0;1;3
623;0;0;1;3
19;0;0;1;3
1146;0;0;2;3
586;0;0;1;3
435;0;0;1;3
1039;0;0;2;3
1092;0;0;2;3
1367;0;0;2;3
1147;0;0;2;3
777;0;0;2;3
209;0;0;1;3
1252;0;0;2;3
864;0;0;2;3
643;0;0;1;3
508;0;0;1;3
821;0;0;2;3
108;0;0;1;3
1047;0;0;2;3
246;0;0;1;3
1285;0;0;2;3
1122;0;0;2;3
1130;0;0;2;3
93;0;0;1;3
879;0;0;2;3
833;0;0;2;3
1363;0;0;2;3
1428;0;0;2;3
934;0;0;2;3
759;0;0;2;3
366;0;0;1;3
795;0;0;2;3
1170;0;0;2;3
87;0;0;1;3
1421;0;0;2;3
528;0;0;1;3
127;0;0;1;3
392;0;0;1;3
300;0;0;1;3
228;0;0;1;3
915;0;0;2;3
758;0;0;2;3
584;0;0;1;3
477;0;0;1;3
25;0;0;1;3
263;0;0;1;3
707;0;0;1;3
1334;0;0;2;3
919;0;0;2;3
470;0;0;1;3
547;0;0;1;3
933;0;0;2;3
259;0;0;1;3
798;0;0;2;3
991;0;0;2;3
103;0;0;1;3
838;0;0;2;3
1003;0;0;2;3
511;0;0;1;3
51;0;0;1;3
1133;0;0;2;3
143;0;0;1;3
1425;0;0;2;3
1121;0;0;2;3
654;0;0;1;3
752;0;0;2;3
1088;0;0;2;3
409;0;0;1;3
1163;0;0;2;3
72;0;0;1;3
514;0;0;1;3
1010;0;0;2;3
460;0;0;1;3
1183;0;0;2;3
117;0;0;1;3
1212;0;0;2;3
329;0;0;1;3
1060;0;0;2;3
1246;0;0;2;3
1251;0;0;2;3
737;0;0;2;3
545;0;0;1;3
936;0;0;2;3
1294;0;0;2;3
97;0;0;1;3
580;0;0;1;3
311;0;0;1;3
1327;0;0;2;3
486;0;0;1;3
1242;0;0;2;3
238;0;0;1;3
1219;0;0;2;3
524;0;0;1;3
22;0;0;1;3
1030;0;0;2;3
159;0;0;1;3
376;0;0;1;3
680;0;0;1;3
671;0;0;1;3
133;0;0;1;3
481;0;0;1;3
499;0;0;1;3
50;0;0;1;3
280;0;0;1;3
563;0;0;1;3
1432;0;0;2;3
504;0;0;1;3
1145;0;0;2;3
7;0;0;1;3
471;0;0;1;3
1136;0;0;2;3
404;0;0;1;3
402;0;0;1;3
792;0;0;2;3
898;0;0;2;3
1117;0;0;2;3
1254;0;0;2;3
715;0;0;1;3
308;0;0;1;3
171;0;0;1;3
39;0;0;1;3
626;0;0;1;3
418;0;0;1;3
269;0;0;1;3
883;0;0;2;3
840;0;0;2;3
1149;0;0;2;3
1286;0;0;2;3
372;0;0;1;3
264;0;0;1;3
1024;0;0;2;3
166;0;0;1;3
79;0;0;1;3
53;0;0;1;3
1385;0;0;2;3
1350;0;0;2;3
416;0;0;1;3
494;0;0;1;3
722;0;0;2;3
965;0;0;2;3
199;0;0;1;3
686;0;0;1;3
1027;0;0;2;3
549;0;0;1;3
124;0;0;1;3
1322;0;0;2;3
1401;0;0;2;3
480;0;0;1;3
562;0;0;1;3
1208;0;0;2;3
158;0;0;1;3
730;0;0;2;3
172;0;0;1;3
909;0;0;2;3
736;0;0;2;4
444;0;0;1;4
474;0;0;1;4
721;0;0;2;4
686;0;0;1;4
820;0;0;2;4
1349;0;0;2;4
971;0;0;2;4
831;0;0;2;4
1343;0;0;2;4
837;0;0;2;4
499;0;0;1;4
1342;0;0;2;4
190;0;0;1;4
527;0;0;1;4
562;0;0;1;4
1061;0;0;2;4
1413;0;0;2;4
461;0;0;1;4
484;0;0;1;4
375;0;0;1;4
24;0;0;1;4
1415;0;0;2;4
646;0;0;1;4
1280;0;0;2;4
452;0;0;1;4
818;0;0;2;4
517;0;0;1;4
491;0;0;1;4
1139;0;0;2;4
1063;0;0;2;4
1143;0;0;2;4
1345;0;0;2;4
756;0;0;2;4
1428;0;0;2;4
557;0;0;1;4
1229;0;0;2;4
697;0;0;1;4
217;0;0;1;4
1011;0;0;2;4
711;0;0;1;4
823;0;0;2;4
585;0;0;1;4
184;0;0;1;4
1030;0;0;2;4
543;0;0;1;4
701;0;0;1;4
1253;0;0;2;4
510;0;0;1;4
135;0;0;1;4
1016;0;0;2;4
77;0;0;1;4
724;0;0;2;4
1281;0;0;2;4
355;0;0;1;4
892;0;0;2;4
7;0;0;1;4
178;0;0;1;4
1060;0;0;2;4
431;0;0;1;4
555;0;0;1;4
1088;0;0;2;4
986;0;0;2;4
1373;0;0;2;4
649;0;0;1;4
92;0;0;1;4
827;0;0;2;4
493;0;0;1;4
315;0;0;1;4
849;0;0;2;4
620;0;0;1;4
1105;0;0;2;4
713;0;0;1;4
265;0;0;1;4
1401;0;0;2;4
102;0;0;1;4
478;0;0;1;4
794;0;0;2;4
866;0;0;2;4
1127;0;0;2;4
806;0;0;2;4
816;0;0;2;4
144;0;0;1;4
376;0;0;1;4
626;0;0;1;4
516;0;0;1;4
457;0;0;1;4
933;0;0;2;4
727;0;0;2;4
115;0;0;1;4
1146;0;0;2;4
411;0;0;1;4
1015;0;0;2;4
617;0;0;1;4
1027;0;0;2;4
409;0;0;1;4
1309;0;0;2;4
832;0;0;2;4
1221;0;0;2;4
1233;0;0;2;4
212;0;0;1;4
901;0;0;2;4
1278;0;0;2;4
834;0;0;2;4
571;0;0;1;4
32;0;0;1;4
1069;0;0;2;4
377;0;0;1;4
105;0;0;1;4
779;0;0;2;4
611;0;0;1;4
51;0;0;1;4
114;0;0;1;4
752;0;0;2;4
1001;0;0;2;4
1135;0;0;2;4
177;0;0;1;4
1325;0;0;2;4
239;0;0;1;4
483;0;0;1;4
793;0;0;2;4
1236;0;0;2;4
929;0;0;2;4
390;0;0;1;4
850;0;0;2;4
69;0;0;1;4
669;0;0;1;4
695;0;0;1;4
8;0;0;1;4
148;0;0;1;4
1023;0;0;2;4
81;0;0;1;4
205;0;0;1;4
175;0;0;1;4
772;0;0;2;4
860;0;0;2;4
838;0;0;2;4
1040;0;0;2;4
862;0;0;2;4
1295;0;0;2;4
1064;0;0;2;4
1108;0;0;2;4
590;0;0;1;4
397;0;0;1;4
835;0;0;2;4
745;0;0;2;4
668;0;0;1;4
1166;0;0;2;4
599;0;0;1;4
569;0;0;1;4
1218;0;0;2;4
565;0;0;1;4
335;0;0;1;4
227;0;0;1;4
891;0;0;2;4
1140;0;0;2;4
374;0;0;1;4
760;0;0;2;4
663;0;0;1;4
361;0;0;1;4
788;0;0;2;4
899;0;0;2;4
329;0;0;1;4
427;0;0;1;4
1298;0;0;2;4
625;0;0;1;4
164;0;0;1;4
1206;0;0;2;4
525;0;0;1;4
441;0;0;1;4
229;0;0;1;4
1009;0;0;2;4
893;0;0;2;4
1323;0;0;2;4
743;0;0;2;4
1307;0;0;2;4
171;0;0;1;4
890;0;0;2;4
288;0;0;1;4
76;0;0;1;4
698;0;0;1;4
101;0;0;1;4
58;0;0;1;4
1048;0;0;2;4
1191;0;0;2;4
1240;0;0;2;4
734;0;0;2;4
56;0;0;1;4
429;0;0;1;4
326;0;0;1;4
306;0;0;1;4
1133;0;0;2;4
351;0;0;1;4
624;0;0;1;4
20;0;0;1;4
290;0;0;1;4
482;0;0;1;4
1335;0;0;2;4
1059;0;0;2;4
694;0;0;1;4
1170;0;0;2;4
1032;0;0;2;4
845;0;0;2;4
536;0;0;1;4
545;0;0;1;4
951;0;0;2;4
1123;0;0;2;4
1177;0;0;2;4
684;0;0;1;4
749;0;0;2;4
373;0;0;1;4
1058;0;0;2;4
848;0;0;2;4
118;0;0;1;4
880;0;0;2;4
936;0;0;2;4
672;0;0;1;4
85;0;0;1;4
119;0;0;1;4
552;0;0;1;4
440;0;0;1;4
852;0;0;2;4
735;0;0;2;4
1326;0;0;2;4
170;0;0;1;4
40;0;0;1;4
671;0;0;1;4
50;0;0;1;4
1201;0;0;2;4
384;0;0;1;4
559;0;0;1;4
433;0;0;1;4
903;0;0;2;4
822;0;0;2;4
1158;0;0;2;4
1267;0;0;2;4
851;0;0;2;4
442;0;0;1;4
1393;0;0;2;4
147;0;0;1;4
1006;0;0;2;4
450;0;0;1;4
1202;0;0;2;4
680;0;0;1;4
861;0;0;2;4
884;0;0;2;4
1164;0;0;2;4
185;0;0;1;4
1053;0;0;2;4
1341;0;0;2;4
641;0;0;1;4
538;0;0;1;4
252;0;0;1;4
21;0;0;1;4
1181;0;0;2;4
295;0;0;1;4
504;0;0;1;4
59;0;0;1;4
1409;0;0;2;4
503;0;0;1;4
1189;0;0;2;4
1426;0;0;2;4
262;0;0;1;4
1360;0;0;2;4
945;0;0;2;4
765;0;0;2;4
1311;0;0;2;4
359;0;0;1;4
1211;0;0;2;4
160;0;0;1;4
189;0;0;1;4
391;0;0;1;4
1033;0;0;2;4
168;0;0;1;4
131;0;0;1;4
854;0;0;2;4
1269;0;0;2;4
1073;0;0;2;4
966;0;0;2;4
341;0;0;1;4
619;0;0;1;4
651;0;0;1;4
346;0;0;1;4
68;0;0;1;4
488;0;0;1;4
418;0;0;1;4
1119;0;0;2;4
225;0;0;1;4
324;0;0;1;4
947;0;0;2;4
232;0;0;1;4
313;0;0;1;4
172;0;0;1;4
11;0;0;1;4
71;0;0;1;4
1018;0;0;2;4
1055;0;0;2;4
424;0;0;1;4
895;0;0;2;4
731;0;0;2;4
244;0;0;1;4
938;0;0;2;4
199;0;0;1;4
1352;0;0;2;4
580;0;0;1;4
1192;0;0;2;4
459;0;0;1;4
1248;0;0;2;4
563;0;0;1;4
63;0;0;1;4
282;0;0;1;4
1035;0;0;2;4
613;0;0;1;4
623;0;0;1;4
972;0;0;2;4
1117;0;0;2;4
343;0;0;1;4
421;0;0;1;4
196;0;0;1;4
1356;0;0;2;4
256;0;0;1;4
83;0;0;1;4
1366;0;0;2;4
577;0;0;1;4
1288;0;0;2;4
1347;0;0;2;4
898;0;0;2;4
393;0;0;1;4
494;0;0;1;4
240;0;0;1;4
789;0;0;2;4
840;0;0;2;4
656;0;0;1;4
654;0;0;1;4
1318;0;0;2;4
1092;0;0;2;4
1083;0;0;2;4
747;0;0;2;4
157;0;0;1;4
316;0;0;1;4
1386;0;0;2;4
35;0;0;1;4
1198;0;0;2;4
1094;0;0;2;4
331;0;0;1;4
75;0;0;1;4
844;0;0;2;4
1144;0;0;2;4
258;0;0;1;4
162;0;0;1;4
1310;0;0;2;4
124;0;0;1;4
57;0;0;1;4
392;0;0;1;4
1160;0;0;2;4
1297;0;0;2;4
541;0;0;1;4
467;0;0;1;4
618;0;0;1;4
477;0;0;1;4
923;0;0;2;5
354;0;0;1;5
865;0;0;2;5
586;0;0;1;5
1210;0;0;2;5
399;0;0;1;5
250;0;0;1;5
732;0;0;2;5
357;0;0;1;5
471;0;0;1;5
1219;0;0;2;5
1074;0;0;2;5
1084;0;0;2;5
154;0;0;1;5
49;0;0;1;5
1159;0;0;2;5
1418;0;0;2;5
600;0;0;1;5
430;0;0;1;5
151;0;0;1;5
165;0;0;1;5
792;0;0;2;5
830;0;0;2;5
246;0;0;1;5
1047;0;0;2;5
1056;0;0;2;5
1124;0;0;2;5
1165;0;0;2;5
365;0;0;1;5
113;0;0;1;5
960;0;0;2;5
982;0;0;2;5
943;0;0;2;5
79;0;0;1;5
587;0;0;1;5
1109;0;0;2;5
1378;0;0;2;5
73;0;0;1;5
682;0;0;1;5
1075;0;0;2;5
0;0;0;1;5
344;0;0;1;5
1209;0;0;2;5
633;0;0;1;5
661;0;0;1;5
944;0;0;2;5
673;0;0;1;5
1427;0;0;2;5
902;0;0;2;5
417;0;0;1;5
54;0;0;1;5
1226;0;0;2;5
1407;0;0;2;5
612;0;0;1;5
270;0;0;1;5
62;0;0;1;5
34;0;0;1;5
583;0;0;1;5
1168;0;0;2;5
1156;0;0;2;5
130;0;0;1;5
123;0;0;1;5
349;0;0;1;5
446;0;0;1;5
125;0;0;1;5
998;0;0;2;5
635;0;0;1;5
254;0;0;1;5
1304;0;0;2;5
1096;0;0;2;5
1187;0;0;2;5
286;0;0;1;5
187;0;0;1;5
911;0;0;2;5
386;0;0;1;5
540;0;0;1;5
1408;0;0;2;5
271;0;0;1;5
95;0;0;1;5
560;0;0;1;5
931;0;0;2;5
1340;0;0;2;5
940;0;0;2;5
1054;0;0;2;5
1190;0;0;2;5
48;0;0;1;5
1272;0;0;2;5
1256;0;0;2;5
1044;0;0;2;5
513;0;0;1;5
1217;0;0;2;5
222;0;0;1;5
388;0;0;1;5
867;0;0;2;5
381;0;0;1;5
1126;0;0;2;5
1414;0;0;2;5
602;0;0;1;5
25;0;0;1;5
1111;0;0;2;5
447;0;0;1;5
1242;0;0;2;5
145;0;0;1;5
36;0;0;1;5
1031;0;0;2;5
29;0;0;1;5
1131;0;0;2;5
1148;0;0;2;5
664;0;0;1;5
887;0;0;2;5
1322;0;0;2;5
255;0;0;1;5
195;0;0;1;5
959;0;0;2;5
128;0;0;1;5
18;0;0;1;5
1423;0;0;2;5
26;0;0;1;5
1425;0;0;2;5
927;0;0;2;5
298;0;0;1;5
742;0;0;2;5
576;0;0;1;5
1270;0;0;2;5
14;0;0;1;5
226;0;0;1;5
1263;0;0;2;5
345;0;0;1;5
1381;0;0;2;5
691;0;0;1;5
300;0;0;1;5
387;0;0;1;5
1320;0;0;2;5
677;0;0;1;5
962;0;0;2;5
275;0;0;1;5
334;0;0;1;5
1195;0;0;2;5
432;0;0;1;5
1316;0;0;2;5
1353;0;0;2;5
136;0;0;1;5
1076;0;0;2;5
1324;0;0;2;5
716;0;0;1;5
1121;0;0;2;5
1416;0;0;2;5
502;0;0;1;5
769;0;0;2;5
1115;0;0;2;5
219;0;0;1;5
1365;0;0;2;5
362;0;0;1;5
798;0;0;2;5
97;0;0;1;5
681;0;0;1;5
750;0;0;2;5
952;0;0;2;5
636;0;0;1;5
1213;0;0;2;5
1399;0;0;2;5
739;0;0;2;5
272;0;0;1;5
725;0;0;2;5
631;0;0;1;5
987;0;0;2;5
1178;0;0;2;5
1247;0;0;2;5
1045;0;0;2;5
1379;0;0;2;5
43;0;0;1;5
1369;0;0;2;5
821;0;0;2;5
464;0;0;1;5
127;0;0;1;5
1312;0;0;2;5
1051;0;0;2;5
1317;0;0;2;5
360;0;0;1;5
395;0;0;1;5
245;0;0;1;5
333;0;0;1;5
961;0;0;2;5
1329;0;0;2;5
1223;0;0;2;5
776;0;0;2;5
371;0;0;1;5
919;0;0;2;5
1162;0;0;2;5
532;0;0;1;5
1234;0;0;2;5
1255;0;0;2;5
261;0;0;1;5
1262;0;0;2;5
419;0;0;1;5
950;0;0;2;5
248;0;0;1;5
370;0;0;1;5
785;0;0;2;5
868;0;0;2;5
512;0;0;1;5
554;0;0;1;5
643;0;0;1;5
1141;0;0;2;5
808;0;0;2;5
1368;0;0;2;5
485;0;0;1;5
1227;0;0;2;5
883;0;0;2;5
456;0;0;1;5
3;0;0;1;5
1100;0;0;2;5
1013;0;0;2;5
1008;0;0;2;5
762;0;0;2;5
325;0;0;1;5
521;0;0;1;5
169;0;0;1;5
737;0;0;2;5
501;0;0;1;5
96;0;0;1;5
173;0;0;1;5
1302;0;0;2;5
935;0;0;2;5
406;0;0;1;5
372;0;0;1;5
1308;0;0;2;5
989;0;0;2;5
777;0;0;2;5
546;0;0;1;5
206;0;0;1;5
730;0;0;2;5
110;0;0;1;5
709;0;0;1;5
140;0;0;1;5
422;0;0;1;5
988;0;0;2;5
1065;0;0;2;5
134;0;0;1;5
784;0;0;2;5
293;0;0;1;5
42;0;0;1;5
955;0;0;2;5
1383;0;0;2;5
1264;0;0;2;5
410;0;0;1;5
761;0;0;2;5
305;0;0;1;5
1239;0;0;2;5
910;0;0;2;5
142;0;0;1;5
228;0;0;1;5
659;0;0;1;5
1174;0;0;2;5
514;0;0;1;5
108;0;0;1;5
72;0;0;1;5
556;0;0;1;5
1207;0;0;2;5
179;0;0;1;5
495;0;0;1;5
126;0;0;1;5
558;0;0;1;5
915;0;0;2;5
1437;0;0;2;5
1357;0;0;2;5
31;0;0;1;5
394;0;0;1;5
783;0;0;2;5
584;0;0;1;5
705;0;0;1;5
310;0;0;1;5
1249;0;0;2;5
843;0;0;2;5
247;0;0;1;5
993;0;0;2;5
723;0;0;2;5
722;0;0;2;5
299;0;0;1;5
1215;0;0;2;5
644;0;0;1;5
758;0;0;2;5
1299;0;0;2;5
718;0;0;1;5
974;0;0;2;5
1043;0;0;2;5
337;0;0;1;5
233;0;0;1;5
12;0;0;1;5
717;0;0;1;5
132;0;0;1;5
251;0;0;1;5
1153;0;0;2;5
1068;0;0;2;5
871;0;0;2;5
322;0;0;1;5
91;0;0;1;5
1321;0;0;2;5
89;0;0;1;5
1404;0;0;2;5
153;0;0;1;5
573;0;0;1;5
1070;0;0;2;5
874;0;0;2;5
289;0;0;1;5
1089;0;0;2;5
771;0;0;2;5
449;0;0;1;5
398;0;0;1;5
906;0;0;2;5
1432;0;0;2;5
688;0;0;1;5
886;0;0;2;5
1028;0;0;2;5
1049;0;0;2;5
863;0;0;2;5
1072;0;0;2;5
428;0;0;1;5
1020;0;0;2;5
894;0;0;2;5
795;0;0;2;5
766;0;0;2;5
280;0;0;1;5
748;0;0;2;5
572;0;0;1;5
870;0;0;2;5
451;0;0;1;5
1024;0;0;2;5
241;0;0;1;5
285;0;0;1;5
574;0;0;1;5
445;0;0;1;5
575;0;0;1;5
1265;0;0;2;5
67;0;0;1;5
476;0;0;1;5
1183;0;0;2;5
1395;0;0;2;5
537;0;0;1;5
197;0;0;1;5
810;0;0;2;5
496;0;0;1;5
1098;0;0;2;5
17;0;0;1;5
498;0;0;1;5
1376;0;0;2;5
652;0;0;1;5
1358;0;0;2;5
917;0;0;2;5
307;0;0;1;5
317;0;0;1;5
1080;0;0;2;5
1438;0;0;2;5
964;0;0;2;5
27;0;0;1;5
804;0;0;2;5
1021;0;0;2;5
733;0;0;2;5
704;0;0;1;5
218;0;0;1;5
281;0;0;1;6
607;0;0;1;6
703;0;0;1;6
768;0;0;2;6
802;0;0;2;6
1337;0;0;2;6
1422;0;0;2;6
1319;0;0;2;6
213;0;0;1;6
455;0;0;1;6
460;0;0;1;6
116;0;0;1;6
129;0;0;1;6
458;0;0;1;6
1350;0;0;2;6
1038;0;0;2;6
1110;0;0;2;6
437;0;0;1;6
378;0;0;1;6
869;0;0;2;6
757;0;0;2;6
1250;0;0;2;6
1330;0;0;2;6
1150;0;0;2;6
1293;0;0;2;6
1419;0;0;2;6
833;0;0;2;6
738;0;0;2;6
1157;0;0;2;6
465;0;0;1;6
1222;0;0;2;6
1019;0;0;2;6
773;0;0;2;6
84;0;0;1;6
1351;0;0;2;6
759;0;0;2;6
28;0;0;1;6
100;0;0;1;6
336;0;0;1;6
858;0;0;2;6
156;0;0;1;6
615;0;0;1;6
519;0;0;1;6
215;0;0;1;6
1420;0;0;2;6
264;0;0;1;6
1410;0;0;2;6
22;0;0;1;6
364;0;0;1;6
755;0;0;2;6
1182;0;0;2;6
438;0;0;1;6
570;0;0;1;6
412;0;0;1;6
1389;0;0;2;6
1081;0;0;2;6
407;0;0;1;6
1287;0;0;2;6
714;0;0;1;6
1277;0;0;2;6
133;0;0;1;6
508;0;0;1;6
1334;0;0;2;6
666;0;0;1;6
1384;0;0;2;6
1167;0;0;2;6
10;0;0;1;6
1128;0;0;2;6
530;0;0;1;6
985;0;0;2;6
163;0;0;1;6
1138;0;0;2;6
202;0;0;1;6
308;0;0;1;6
997;0;0;2;6
819;0;0;2;6
642;0;0;1;6
16;0;0;1;6
269;0;0;1;6
799;0;0;2;6
60;0;0;1;6
744;0;0;2;6
657;0;0;1;6
1179;0;0;2;6
1417;0;0;2;6
209;0;0;1;6
1034;0;0;2;6
1107;0;0;2;6
5;0;0;1;6
939;0;0;2;6
143;0;0;1;6
1370;0;0;2;6
1327;0;0;2;6
549;0;0;1;6
877;0;0;2;6
314;0;0;1;6
856;0;0;2;6
920;0;0;2;6
292;0;0;1;6
1005;0;0;2;6
188;0;0;1;6
1104;0;0;2;6
1193;0;0;2;6
363;0;0;1;6
589;0;0;1;6
1173;0;0;2;6
637;0;0;1;6
122;0;0;1;6
1254;0;0;2;6
1000;0;0;2;6
158;0;0;1;6
1279;0;0;2;6
475;0;0;1;6
1184;0;0;2;6
591;0;0;1;6
273;0;0;1;6
1244;0;0;2;6
775;0;0;2;6
647;0;0;1;6
1371;0;0;2;6
1303;0;0;2;6
1185;0;0;2;6
103;0;0;1;6
610;0;0;1;6
908;0;0;2;6
690;0;0;1;6
1134;0;0;2;6
149;0;0;1;6
1268;0;0;2;6
566;0;0;1;6
551;0;0;1;6
601;0;0;1;6
463;0;0;1;6
1285;0;0;2;6
1161;0;0;2;6
1290;0;0;2;6
1257;0;0;2;6
627;0;0;1;6
238;0;0;1;6
1216;0;0;2;6
1132;0;0;2;6
86;0;0;1;6
1424;0;0;2;6
630;0;0;1;6
524;0;0;1;6
208;0;0;1;6
1097;0;0;2;6
708;0;0;1;6
506;0;0;1;6
323;0;0;1;6
855;0;0;2;6
287;0;0;1;6
82;0;0;1;6
885;0;0;2;6
1102;0;0;2;6
1112;0;0;2;6
1387;0;0;2;6
1155;0;0;2;6
487;0;0;1;6
278;0;0;1;6
214;0;0;1;6
454;0;0;1;6
413;0;0;1;6
1238;0;0;2;6
1130;0;0;2;6
396;0;0;1;6
435;0;0;1;6
859;0;0;2;6
1431;0;0;2;6
609;0;0;1;6
1114;0;0;2;6
1129;0;0;2;6
1396;0;0;2;6
297;0;0;1;6
80;0;0;1;6
1062;0;0;2;6
518;0;0;1;6
279;0;0;1;6
216;0;0;1;6
94;0;0;1;6
1122;0;0;2;6
523;0;0;1;6
468;0;0;1;6
796;0;0;2;6
921;0;0;2;6
1434;0;0;2;6
1258;0;0;2;6
277;0;0;1;6
1400;0;0;2;6
382;0;0;1;6
937;0;0;2;6
535;0;0;1;6
1403;0;0;2;6
1261;0;0;2;6
922;0;0;2;6
38;0;0;1;6
603;0;0;1;6
588;0;0;1;6
321;0;0;1;6
896;0;0;2;6
817;0;0;2;6
932;0;0;2;6
1402;0;0;2;6
4;0;0;1;6
1171;0;0;2;6
1313;0;0;2;6
319;0;0;1;6
528;0;0;1;6
99;0;0;1;6
1271;0;0;2;6
109;0;0;1;6
1430;0;0;2;6
1362;0;0;2;6
472;0;0;1;6
380;0;0;1;6
224;0;0;1;6
904;0;0;2;6
1338;0;0;2;6
909;0;0;2;6
181;0;0;1;6
805;0;0;2;6
404;0;0;1;6
803;0;0;2;6
825;0;0;2;6
996;0;0;2;6
726;0;0;2;6
567;0;0;1;6
824;0;0;2;6
533;0;0;1;6
662;0;0;1;6
52;0;0;1;6
956;0;0;2;6
967;0;0;2;6
913;0;0;2;6
1225;0;0;2;6
328;0;0;1;6
875;0;0;2;6
1355;0;0;2;6
942;0;0;2;6
897;0;0;2;6
266;0;0;1;6
542;0;0;1;6
763;0;0;2;6
19;0;0;1;6
702;0;0;1;6
1243;0;0;2;6
578;0;0;1;6
842;0;0;2;6
900;0;0;2;6
352;0;0;1;6
152;0;0;1;6
1375;0;0;2;6
53;0;0;1;6
276;0;0;1;6
1232;0;0;2;6
1294;0;0;2;6
522;0;0;1;6
882;0;0;2;6
203;0;0;1;6
415;0;0;1;6
912;0;0;2;6
15;0;0;1;6
1052;0;0;2;6
283;0;0;1;6
1305;0;0;2;6
561;0;0;1;6
787;0;0;2;6
1003;0;0;2;6
1071;0;0;2;6
1289;0;0;2;6
841;0;0;2;6
847;0;0;2;6
1101;0;0;2;6
616;0;0;1;6
1046;0;0;2;6
674;0;0;1;6
1315;0;0;2;6
809;0;0;2;6
1199;0;0;2;6
1026;0;0;2;6
46;0;0;1;6
872;0;0;2;6
414;0;0;1;6
928;0;0;2;6
1439;0;0;2;6
1344;0;0;2;6
767;0;0;2;6
155;0;0;1;6
405;0;0;1;6
194;0;0;1;6
925;0;0;2;6
1359;0;0;2;6
1066;0;0;2;6
403;0;0;1;6
106;0;0;1;6
1296;0;0;2;6
231;0;0;1;6
968;0;0;2;6
1025;0;0;2;6
1087;0;0;2;6
1260;0;0;2;6
402;0;0;1;6
963;0;0;2;6
1392;0;0;2;6
366;0;0;1;6
41;0;0;1;6
828;0;0;2;6
648;0;0;1;6
234;0;0;1;6
312;0;0;1;6
304;0;0;1;6
497;0;0;1;6
1212;0;0;2;6
984;0;0;2;6
746;0;0;2;6
511;0;0;1;6
448;0;0;1;6
284;0;0;1;6
692;0;0;1;6
1103;0;0;2;6
1204;0;0;2;6
1196;0;0;2;6
1004;0;0;2;6
948;0;0;2;6
774;0;0;2;6
1194;0;0;2;6
1388;0;0;2;6
1010;0;0;2;6
770;0;0;2;6
706;0;0;1;6
1188;0;0;2;6
650;0;0;1;6
582;0;0;1;6
347;0;0;1;6
1099;0;0;2;6
1300;0;0;2;6
1301;0;0;2;6
853;0;0;2;6
813;0;0;2;6
6;0;0;1;6
1436;0;0;2;6
992;0;0;2;6
104;0;0;1;6
1012;0;0;2;6
1200;0;0;2;6
628;0;0;1;6
318;0;0;1;6
916;0;0;2;6
780;0;0;2;6
204;0;0;1;6
797;0;0;2;6
707;0;0;1;6
1433;0;0;2;6
120;0;0;1;6
553;0;0;1;6
1237;0;0;2;6
605;0;0;1;6
1332;0;0;2;6
1266;0;0;2;6
918;0;0;2;6
995;0;0;2;7
1079;0;0;2;7
257;0;0;1;7
1405;0;0;2;7
1306;0;0;2;7
1039;0;0;2;7
1283;0;0;2;7
999;0;0;2;7
976;0;0;2;7
592;0;0;1;7
367;0;0;1;7
303;0;0;1;7
182;0;0;1;7
889;0;0;2;7
696;0;0;1;7
492;0;0;1;7
515;0;0;1;7
597;0;0;1;7
1284;0;0;2;7
1251;0;0;2;7
811;0;0;2;7
1205;0;0;2;7
679;0;0;1;7
1002;0;0;2;7
1067;0;0;2;7
117;0;0;1;7
667;0;0;1;7
975;0;0;2;7
1398;0;0;2;7
70;0;0;1;7
1007;0;0;2;7
389;0;0;1;7
507;0;0;1;7
161;0;0;1;7
965;0;0;2;7
65;0;0;1;7
594;0;0;1;7
593;0;0;1;7
548;0;0;1;7
340;0;0;1;7
469;0;0;1;7
550;0;0;1;7
159;0;0;1;7
1333;0;0;2;7
957;0;0;2;7
1037;0;0;2;7
339;0;0;1;7
1125;0;0;2;7
815;0;0;2;7
790;0;0;2;7
55;0;0;1;7
350;0;0;1;7
150;0;0;1;7
905;0;0;2;7
87;0;0;1;7
121;0;0;1;7
379;0;0;1;7
675;0;0;1;7
1203;0;0;2;7
786;0;0;2;7
645;0;0;1;7
33;0;0;1;7
302;0;0;1;7
1078;0;0;2;7
479;0;0;1;7
1354;0;0;2;7
1348;0;0;2;7
1274;0;0;2;7
242;0;0;1;7
595;0;0;1;7
958;0;0;2;7
45;0;0;1;7
1154;0;0;2;7
358;0;0;1;7
1361;0;0;2;7
90;0;0;1;7
715;0;0;1;7
990;0;0;2;7
710;0;0;1;7
243;0;0;1;7
973;0;0;2;7
166;0;0;1;7
139;0;0;1;7
1412;0;0;2;7
192;0;0;1;7
207;0;0;1;7
309;0;0;1;7
1;0;0;1;7
579;0;0;1;7
141;0;0;1;7
296;0;0;1;7
198;0;0;1;7
320;0;0;1;7
979;0;0;2;7
1374;0;0;2;7
88;0;0;1;7
1029;0;0;2;7
812;0;0;2;7
606;0;0;1;7
176;0;0;1;7
754;0;0;2;7
1050;0;0;2;7
98;0;0;1;7
946;0;0;2;7
596;0;0;1;7
267;0;0;1;7
1169;0;0;2;7
249;0;0;1;7
439;0;0;1;7
994;0;0;2;7
655;0;0;1;7
991;0;0;2;7
462;0;0;1;7
434;0;0;1;7
408;0;0;1;7
436;0;0;1;7
1276;0;0;2;7
137;0;0;1;7
764;0;0;2;7
74;0;0;1;7
1176;0;0;2;7
520;0;0;1;7
368;0;0;1;7
800;0;0;2;7
658;0;0;1;7
720;0;0;2;7
1372;0;0;2;7
640;0;0;1;7
1116;0;0;2;7
621;0;0;1;7
941;0;0;2;7
489;0;0;1;7
1411;0;0;2;7
93;0;0;1;7
983;0;0;2;7
1406;0;0;2;7
544;0;0;1;7
1042;0;0;2;7
167;0;0;1;7
1339;0;0;2;7
1145;0;0;2;7
66;0;0;1;7
1022;0;0;2;7
670;0;0;1;7
864;0;0;2;7
632;0;0;1;7
1273;0;0;2;7
111;0;0;1;7
138;0;0;1;7
1367;0;0;2;7
653;0;0;1;7
1336;0;0;2;7
1235;0;0;2;7
1082;0;0;2;7
1197;0;0;2;7
1106;0;0;2;7
1208;0;0;2;7
146;0;0;1;7
665;0;0;1;7
598;0;0;1;7
2;0;0;1;7
712;0;0;1;7
534;0;0;1;7
781;0;0;2;7
782;0;0;2;7
64;0;0;1;7
223;0;0;1;7
751;0;0;2;7
1331;0;0;2;7
1391;0;0;2;7
385;0;0;1;7
1137;0;0;2;7
1346;0;0;2;7
888;0;0;2;7
311;0;0;1;7
1090;0;0;2;7
1149;0;0;2;7
729;0;0;2;7
47;0;0;1;7
37;0;0;1;7
1259;0;0;2;7
186;0;0;1;7
191;0;0;1;7
954;0;0;2;7
753;0;0;2;7
689;0;0;1;7
220;0;0;1;7
914;0;0;2;7
876;0;0;2;7
1292;0;0;2;7
778;0;0;2;7
342;0;0;1;7
1328;0;0;2;7
61;0;0;1;7
1385;0;0;2;7
426;0;0;1;7
1246;0;0;2;7
268;0;0;1;7
1118;0;0;2;7
526;0;0;1;7
356;0;0;1;7
1214;0;0;2;7
1057;0;0;2;7
660;0;0;1;7
490;0;0;1;7
453;0;0;1;7
638;0;0;1;7
836;0;0;2;7
700;0;0;1;7
1252;0;0;2;7
1282;0;0;2;7
1429;0;0;2;7
807;0;0;2;7
1041;0;0;2;7
1291;0;0;2;7
608;0;0;1;7
693;0;0;1;7
924;0;0;2;7
23;0;0;1;7
930;0;0;2;7
1390;0;0;2;7
953;0;0;2;7
629;0;0;1;7
235;0;0;1;7
425;0;0;1;7
1364;0;0;2;7
926;0;0;2;7
1091;0;0;2;7
829;0;0;2;7
180;0;0;1;7
581;0;0;1;7
183;0;0;1;7
676;0;0;1;7
39;0;0;1;7
949;0;0;2;7
639;0;0;1;7
1394;0;0;2;7
687;0;0;1;7
1363;0;0;2;7
1077;0;0;2;7
348;0;0;1;7
1085;0;0;2;7
505;0;0;1;7
1380;0;0;2;7
509;0;0;1;7
221;0;0;1;7
1147;0;0;2;7
907;0;0;2;7
1113;0;0;2;7
330;0;0;1;7
1245;0;0;2;7
486;0;0;1;7
400;0;0;1;7
13;0;0;1;7
112;0;0;1;7
879;0;0;2;7
1136;0;0;2;7
1093;0;0;2;7
420;0;0;1;7
685;0;0;1;7
211;0;0;1;7
1036;0;0;2;7
1382;0;0;2;7
1120;0;0;2;7
1186;0;0;2;7
1163;0;0;2;7
614;0;0;1;7
423;0;0;1;7
881;0;0;2;7
699;0;0;1;7
719;0;0;1;7
1435;0;0;2;7
230;0;0;1;7
236;0;0;1;7
873;0;0;2;7
1180;0;0;2;7
9;0;0;1;7
1228;0;0;2;7
1230;0;0;2;7
934;0;0;2;7
1014;0;0;2;7
401;0;0;1;7
1175;0;0;2;7
814;0;0;2;7
1241;0;0;2;7
969;0;0;2;7
801;0;0;2;7
1152;0;0;2;7
369;0;0;1;7
200;0;0;1;7
1086;0;0;2;7
193;0;0;1;7
1220;0;0;2;7
1275;0;0;2;7
274;0;0;1;7
728;0;0;2;7
301;0;0;1;7
981;0;0;2;7
253;0;0;1;7
443;0;0;1;7
338;0;0;1;7
291;0;0;1;7
604;0;0;1;7
531;0;0;1;7
201;0;0;1;7
826;0;0;2;7
500;0;0;1;7
568;0;0;1;7
791;0;0;2;7
466;0;0;1;7
470;0;0;1;7
741;0;0;2;7
683;0;0;1;7
740;0;0;2;7
1172;0;0;2;7
1224;0;0;2;7
1095;0;0;2;7
332;0;0;1;7
1377;0;0;2;7
678;0;0;1;7
634;0;0;1;7
977;0;0;2;7
1286;0;0;2;7
174;0;0;1;7
480;0;0;1;7
353;0;0;1;7
564;0;0;1;7
970;0;0;2;7
622;0;0;1;7
327;0;0;1;7
263;0;0;1;7
481;0;0;1;7
1314;0;0;2;7
383;0;0;1;7
839;0;0;2;7
473;0;0;1;7
1142;0;0;2;7
259;0;0;1;7
1397;0;0;2;7
529;0;0;1;7
260;0;0;1;7
857;0;0;2;7
878;0;0;2;7
846;0;0;2;7
210;0;0;1;7
1017;0;0;2;7
539;0;0;1;7
30;0;0;1;7
547;0;0;1;7
107;0;0;1;7
294;0;0;1;7
44;0;0;1;7
1421;0;0;2;7
980;0;0;2;7
78;0;0;1;7
416;0;0;1;7
237;0;0;1;7
978;0;0;2;7
1231;0;0;2;7
1151;0;0;2;7
1328;0;0;2;8
581;0;0;1;8
273;0;0;1;8
1037;0;0;2;8
1129;0;0;2;8
1199;0;0;2;8
722;0;0;2;8
1410;0;0;2;8
966;0;0;2;8
392;0;0;1;8
446;0;0;1;8
1343;0;0;2;8
709;0;0;1;8
567;0;0;1;8
1106;0;0;2;8
719;0;0;1;8
367;0;0;1;8
813;0;0;2;8
36;0;0;1;8
958;0;0;2;8
971;0;0;2;8
673;0;0;1;8
111;0;0;1;8
129;0;0;1;8
1425;0;0;2;8
1289;0;0;2;8
979;0;0;2;8
638;0;0;1;8
535;0;0;1;8
833;0;0;2;8
780;0;0;2;8
516;0;0;1;8
500;0;0;1;8
738;0;0;2;8
571;0;0;1;8
1341;0;0;2;8
484;0;0;1;8
55;0;0;1;8
377;0;0;1;8
232;0;0;1;8
95;0;0;1;8
1001;0;0;2;8
265;0;0;1;8
202;0;0;1;8
1031;0;0;2;8
1063;0;0;2;8
222;0;0;1;8
467;0;0;1;8
108;0;0;1;8
343;0;0;1;8
563;0;0;1;8
544;0;0;1;8
835;0;0;2;8
356;0;0;1;8
1195;0;0;2;8
1252;0;0;2;8
1327;0;0;2;8
850;0;0;2;8
1140;0;0;2;8
1217;0;0;2;8
1371;0;0;2;8
841;0;0;2;8
1208;0;0;2;8
1069;0;0;2;8
361;0;0;1;8
756;0;0;2;8
730;0;0;2;8
16;0;0;1;8
315;0;0;1;8
338;0;0;1;8
1204;0;0;2;8
126;0;0;1;8
1227;0;0;2;8
158;0;0;1;8
860;0;0;2;8
213;0;0;1;8
897;0;0;2;8
1169;0;0;2;8
80;0;0;1;8
218;0;0;1;8
749;0;0;2;8
584;0;0;1;8
1288;0;0;2;8
862;0;0;2;8
527;0;0;1;8
731;0;0;2;8
1224;0;0;2;8
540;0;0;1;8
14;0;0;1;8
1357;0;0;2;8
479;0;0;1;8
916;0;0;2;8
1004;0;0;2;8
1275;0;0;2;8
1123;0;0;2;8
710;0;0;1;8
85;0;0;1;8
82;0;0;1;8
112;0;0;1;8
863;0;0;2;8
1026;0;0;2;8
101;0;0;1;8
260;0;0;1;8
400;0;0;1;8
1112;0;0;2;8
618;0;0;1;8
344;0;0;1;8
207;0;0;1;8
1351;0;0;2;8
412;0;0;1;8
1265;0;0;2;8
1268;0;0;2;8
631;0;0;1;8
968;0;0;2;8
1394;0;0;2;8
11;0;0;1;8
1345;0;0;2;8
87;0;0;1;8
865;0;0;2;8
1416;0;0;2;8
856;0;0;2;8
851;0;0;2;8
495;0;0;1;8
1192;0;0;2;8
675;0;0;1;8
421;0;0;1;8
154;0;0;1;8
728;0;0;2;8
442;0;0;1;8
1021;0;0;2;8
276;0;0;1;8
582;0;0;1;8
301;0;0;1;8
110;0;0;1;8
275;0;0;1;8
331;0;0;1;8
1279;0;0;2;8
242;0;0;1;8
1141;0;0;2;8
659;0;0;1;8
1079;0;0;2;8
1098;0;0;2;8
363;0;0;1;8
1131;0;0;2;8
1311;0;0;2;8
1160;0;0;2;8
876;0;0;2;8
1200;0;0;2;8
1138;0;0;2;8
29;0;0;1;8
982;0;0;2;8
656;0;0;1;8
1420;0;0;2;8
1111;0;0;2;8
1055;0;0;2;8
456;0;0;1;8
872;0;0;2;8
354;0;0;1;8
92;0;0;1;8
1322;0;0;2;8
807;0;0;2;8
536;0;0;1;8
1367;0;0;2;8
550;0;0;1;8
704;0;0;1;8
723;0;0;2;8
1014;0;0;2;8
1100;0;0;2;8
1411;0;0;2;8
630;0;0;1;8
1232;0;0;2;8
1056;0;0;2;8
712;0;0;1;8
1118;0;0;2;8
699;0;0;1;8
280;0;0;1;8
1144;0;0;2;8
1125;0;0;2;8
24;0;0;1;8
463;0;0;1;8
820;0;0;2;8
554;0;0;1;8
1377;0;0;2;8
132;0;0;1;8
121;0;0;1;8
89;0;0;1;8
963;0;0;2;8
1096;0;0;2;8
559;0;0;1;8
457;0;0;1;8
44;0;0;1;8
901;0;0;2;8
1186;0;0;2;8
162;0;0;1;8
951;0;0;2;8
1068;0;0;2;8
671;0;0;1;8
622;0;0;1;8
1018;0;0;2;8
391;0;0;1;8
240;0;0;1;8
1035;0;0;2;8
300;0;0;1;8
503;0;0;1;8
32;0;0;1;8
17;0;0;1;8
930;0;0;2;8
127;0;0;1;8
422;0;0;1;8
602;0;0;1;8
785;0;0;2;8
383;0;0;1;8
1105;0;0;2;8
844;0;0;2;8
318;0;0;1;8
542;0;0;1;8
1407;0;0;2;8
1422;0;0;2;8
1175;0;0;2;8
142;0;0;1;8
914;0;0;2;8
1036;0;0;2;8
953;0;0;2;8
565;0;0;1;8
1359;0;0;2;8
1337;0;0;2;8
1354;0;0;2;8
1155;0;0;2;8
1366;0;0;2;8
1374;0;0;2;8
553;0;0;1;8
1124;0;0;2;8
1084;0;0;2;8
972;0;0;2;8
1272;0;0;2;8
447;0;0;1;8
946;0;0;2;8
206;0;0;1;8
352;0;0;1;8
727;0;0;2;8
199;0;0;1;8
297;0;0;1;8
837;0;0;2;8
293;0;0;1;8
445;0;0;1;8
166;0;0;1;8
839;0;0;2;8
461;0;0;1;8
520;0;0;1;8
83;0;0;1;8
579;0;0;1;8
1151;0;0;2;8
1097;0;0;2;8
1321;0;0;2;8
1158;0;0;2;8
593;0;0;1;8
1355;0;0;2;8
993;0;0;2;8
922;0;0;2;8
592;0;0;1;8
1346;0;0;2;8
1088;0;0;2;8
1209;0;0;2;8
906;0;0;2;8
415;0;0;1;8
1348;0;0;2;8
345;0;0;1;8
1057;0;0;2;8
217;0;0;1;8
1052;0;0;2;8
555;0;0;1;8
786;0;0;2;8
652;0;0;1;8
628;0;0;1;8
1292;0;0;2;8
992;0;0;2;8
1126;0;0;2;8
198;0;0;1;8
1298;0;0;2;8
451;0;0;1;8
792;0;0;2;8
449;0;0;1;8
49;0;0;1;8
507;0;0;1;8
138;0;0;1;8
911;0;0;2;8
742;0;0;2;8
721;0;0;2;8
1352;0;0;2;8
1142;0;0;2;8
223;0;0;1;8
1246;0;0;2;8
1116;0;0;2;8
1009;0;0;2;8
541;0;0;1;8
476;0;0;1;8
692;0;0;1;8
0;0;0;1;8
450;0;0;1;8
1218;0;0;2;8
486;0;0;1;8
25;0;0;1;8
1094;0;0;2;8
491;0;0;1;8
429;0;0;1;8
1330;0;0;2;8
609;0;0;1;8
466;0;0;1;8
459;0;0;1;8
629;0;0;1;8
530;0;0;1;8
106;1;0;1;8
416;0;0;1;8
690;0;0;1;8
927;0;0;2;8
889;0;0;2;8
772;0;0;2;8
468;0;0;1;8
1305;0;0;2;8
1406;0;0;2;8
394;0;0;1;8
1436;0;0;2;8
1170;0;0;2;8
292;0;0;1;8
903;0;0;2;8
913;0;0;2;8
1041;0;0;2;8
838;0;0;2;8
20;0;0;1;8
418;0;0;1;8
147;0;0;1;8
1117;0;0;2;8
1;0;0;1;8
556;0;0;1;8
1130;0;0;2;8
285;0;0;1;8
970;0;0;2;8
716;0;0;1;8
752;0;0;2;8
818;0;0;2;8
172;0;0;1;8
340;0;0;1;8
1180;0;0;2;8
1392;0;0;2;8
598;0;0;1;8
1085;0;0;2;8
1185;0;0;2;8
1423;0;0;2;8
957;0;0;2;8
124;0;0;1;8
472;0;0;1;8
777;0;0;2;8
149;0;0;1;8
1429;0;0;2;8
1381;0;0;2;8
1282;0;0;2;8
1039;0;0;2;8
306;0;0;1;8
948;0;0;2;8
694;0;0;1;8
251;0;0;1;9
109;0;0;1;9
1280;0;0;2;9
399;0;0;1;9
1090;0;0;2;9
1412;0;0;2;9
1008;0;0;2;9
925;0;0;2;9
1438;0;0;2;9
955;0;0;2;9
551;0;0;1;9
625;0;0;1;9
1424;0;0;2;9
960;0;0;2;9
84;0;0;1;9
768;0;0;2;9
763;0;0;2;9
508;0;0;1;9
460;0;0;1;9
1331;0;0;2;9
1137;0;0;2;9
1278;0;0;2;9
1093;0;0;2;9
183;0;0;1;9
1013;0;0;2;9
159;0;0;1;9
1083;0;0;2;9
787;0;0;2;9
686;0;0;1;9
1074;0;0;2;9
1317;0;0;2;9
660;0;0;1;9
99;0;0;1;9
1234;0;0;2;9
557;0;0;1;9
1226;0;0;2;9
440;0;0;1;9
596;0;0;1;9
498;0;0;1;9
975;0;0;2;9
1121;0;0;2;9
1245;0;0;2;9
420;0;0;1;9
174;0;0;1;9
1313;0;0;2;9
884;0;0;2;9
687;0;0;1;9
236;0;0;1;9
621;0;0;1;9
952;0;0;2;9
1379;0;0;2;9
1332;0;0;2;9
608;0;0;1;9
853;0;0;2;9
703;0;0;1;9
775;0;0;2;9
600;0;0;1;9
806;0;0;2;9
439;0;0;1;9
5;0;0;1;9
336;0;0;1;9
1323;0;0;2;9
88;0;0;1;9
830;0;0;2;9
373;0;0;1;9
333;0;0;1;9
1024;0;0;2;9
34;0;0;1;9
707;0;0;1;9
211;0;0;1;9
362;0;0;1;9
504;0;0;1;9
1187;0;0;2;9
773;0;0;2;9
1146;0;0;2;9
346;0;0;1;9
789;0;0;2;9
634;0;0;1;9
417;0;0;1;9
385;0;0;1;9
548;0;0;1;9
1157;0;0;2;9
279;0;0;1;9
1277;0;0;2;9
741;0;0;2;9
35;0;0;1;9
81;0;0;1;9
846;0;0;2;9
640;0;0;1;9
717;0;0;1;9
1161;0;0;2;9
1428;0;0;2;9
831;0;0;2;9
438;0;0;1;9
372;0;0;1;9
1353;0;0;2;9
1211;0;0;2;9
759;0;0;2;9
387;0;0;1;9
803;0;0;2;9
18;0;0;1;9
613;0;0;1;9
547;0;0;1;9
432;0;0;1;9
1225;0;0;2;9
93;0;0;1;9
1316;0;0;2;9
254;0;0;1;9
619;0;0;1;9
30;0;0;1;9
195;0;0;1;9
873;0;0;2;9
1095;0;0;2;9
139;0;0;1;9
1362;0;0;2;9
1342;0;0;2;9
737;0;0;2;9
517;0;0;1;9
746;0;0;2;9
636;0;0;1;9
887;0;0;2;9
1044;0;0;2;9
668;0;0;1;9
284;0;0;1;9
661;0;0;1;9
802;0;0;2;9
103;0;0;1;9
65;0;0;1;9
725;0;0;2;9
1258;0;0;2;9
937;0;0;2;9
1349;0;0;2;9
341;0;0;1;9
538;0;0;1;9
252;0;0;1;9
76;0;0;1;9
342;0;0;1;9
996;0;0;2;9
1387;0;0;2;9
229;0;0;1;9
452;0;0;1;9
648;0;0;1;9
824;0;0;2;9
1099;0;0;2;9
67;0;0;1;9
743;0;0;2;9
492;0;0;1;9
243;0;0;1;9
264;0;0;1;9
1320;0;0;2;9
795;0;0;2;9
487;0;0;1;9
184;0;0;1;9
894;0;0;2;9
908;0;0;2;9
60;0;0;1;9
796;0;0;2;9
825;0;0;2;9
816;0;0;2;9
436;0;0;1;9
1324;0;0;2;9
607;0;0;1;9
511;0;0;1;9
140;0;0;1;9
798;0;0;2;9
38;0;0;1;9
360;0;0;1;9
702;0;0;1;9
1025;0;0;2;9
212;0;0;1;9
641;0;0;1;9
594;0;0;1;9
577;0;0;1;9
1365;0;0;2;9
976;0;0;2;9
1193;0;0;2;9
274;0;0;1;9
974;0;0;2;9
823;0;0;2;9
310;0;0;1;9
155;0;0;1;9
614;0;0;1;9
1274;0;0;2;9
923;0;0;2;9
684;0;0;1;9
1308;0;0;2;9
543;0;0;1;9
1030;0;0;2;9
339;0;0;1;9
669;0;0;1;9
977;0;0;2;9
371;0;0;1;9
1015;0;0;2;9
1285;0;0;2;9
1163;0;0;2;9
700;0;0;1;9
69;0;0;1;9
1034;0;0;2;9
1253;0;0;2;9
282;0;0;1;9
278;0;0;1;9
12;0;0;1;9
191;0;0;1;9
120;0;0;1;9
480;0;0;1;9
1005;0;0;2;9
574;0;0;1;9
934;0;0;2;9
62;0;0;1;9
493;0;0;1;9
116;0;0;1;9
478;0;0;1;9
639;0;0;1;9
256;0;0;1;9
75;0;0;1;9
1426;0;0;2;9
735;0;0;2;9
732;0;0;2;9
931;0;0;2;9
1136;0;0;2;9
1385;0;0;2;9
61;0;0;1;9
1240;0;0;2;9
1419;0;0;2;9
822;0;0;2;9
163;0;0;1;9
776;0;0;2;9
393;0;0;1;9
1040;0;0;2;9
514;0;0;1;9
1022;0;0;2;9
332;0;0;1;9
506;0;0;1;9
261;0;0;1;9
19;0;0;1;9
674;0;0;1;9
1414;0;0;2;9
932;0;0;2;9
453;0;0;1;9
316;0;0;1;9
1302;0;0;2;9
1207;0;0;2;9
312;0;0;1;9
122;0;0;1;9
1006;0;0;2;9
1089;0;0;2;9
1042;0;0;2;9
880;0;0;2;9
1165;0;0;2;9
1104;0;0;2;9
1415;0;0;2;9
409;0;0;1;9
1038;0;0;2;9
1347;0;0;2;9
47;0;0;1;9
405;0;0;1;9
117;0;0;1;9
43;0;0;1;9
1087;0;0;2;9
1011;0;0;2;9
1061;0;0;2;9
1286;0;0;2;9
1050;0;0;2;9
509;0;0;1;9
964;0;0;2;9
1156;0;0;2;9
999;0;0;2;9
522;0;0;1;9
1421;0;0;2;9
146;0;0;1;9
288;0;0;1;9
1439;0;0;2;9
182;0;0;1;9
874;0;0;2;9
938;0;0;2;9
981;0;0;2;9
617;0;0;1;9
646;0;0;1;9
562;0;0;1;9
695;0;0;1;9
249;0;0;1;9
402;0;0;1;9
210;0;0;1;9
1395;0;0;2;9
90;0;0;1;9
105;0;0;1;9
531;0;0;1;9
1382;0;0;2;9
740;0;0;2;9
358;0;0;1;9
298;0;0;1;9
683;0;0;1;9
152;0;0;1;9
464;0;0;1;9
1228;0;0;2;9
827;0;0;2;9
458;0;0;1;9
423;0;0;1;9
1145;0;0;2;9
1301;0;0;2;9
1205;0;0;2;9
811;0;0;2;9
259;0;0;1;9
861;0;0;2;9
1437;0;0;2;9
545;0;0;1;9
1143;0;0;2;9
1135;0;0;2;9
713;0;0;1;9
585;0;0;1;9
369;0;0;1;9
1229;0;0;2;9
907;0;0;2;9
606;0;0;1;9
794;0;0;2;9
847;0;0;2;9
1310;0;0;2;9
1113;0;0;2;9
505;0;0;1;9
1176;0;0;2;9
226;0;0;1;9
1132;0;0;2;9
419;0;0;1;9
443;0;0;1;9
39;0;0;1;9
1210;0;0;2;9
801;0;0;2;9
899;0;0;2;9
895;0;0;2;9
1261;0;0;2;9
1329;0;0;2;9
153;0;0;1;9
857;0;0;2;9
878;0;0;2;9
406;0;0;1;9
632;0;0;1;9
1002;0;0;2;9
1120;0;0;2;9
568;0;0;1;9
1220;0;0;2;9
980;0;0;2;9
164;0;0;1;9
804;0;0;2;9
515;0;0;1;9
1012;0;0;2;9
783;0;0;2;9
698;0;0;1;9
532;0;0;1;9
1032;0;0;2;9
1082;0;0;2;9
134;0;0;1;9
408;0;0;1;9
546;0;0;1;9
308;0;0;1;9
1356;0;0;2;9
1340;0;0;2;9
549;0;0;1;9
319;0;0;1;9
1309;0;0;2;9
157;0;0;1;9
834;0;0;2;10
473;0;0;1;10
225;0;0;1;10
1128;0;0;2;10
805;0;0;2;10
956;0;0;2;10
1375;0;0;2;10
253;0;0;1;10
321;0;0;1;10
462;0;0;1;10
1306;0;0;2;10
869;0;0;2;10
512;0;0;1;10
1028;0;0;2;10
890;0;0;2;10
666;0;0;1;10
1114;0;0;2;10
396;0;0;1;10
1339;0;0;2;10
779;0;0;2;10
1178;0;0;2;10
477;0;0;1;10
1400;0;0;2;10
1363;0;0;2;10
657;0;0;1;10
197;0;0;1;10
187;0;0;1;10
995;0;0;2;10
1134;0;0;2;10
133;0;0;1;10
148;0;0;1;10
877;0;0;2;10
302;0;0;1;10
1390;0;0;2;10
760;0;0;2;10
706;0;0;1;10
1133;0;0;2;10
130;0;0;1;10
1221;0;0;2;10
1427;0;0;2;10
215;0;0;1;10
1314;0;0;2;10
739;0;0;2;10
71;0;0;1;10
929;0;0;2;10
287;0;0;1;10
537;0;0;1;10
58;0;0;1;10
950;0;0;2;10
42;0;0;1;10
1166;0;0;2;10
1167;0;0;2;10
267;0;0;1;10
1000;0;0;2;10
525;0;0;1;10
437;0;0;1;10
1103;0;0;2;10
6;0;0;1;10
961;0;0;2;10
241;0;0;1;10
1433;0;0;2;10
79;0;0;1;10
257;0;0;1;10
389;0;0;1;10
1242;0;0;2;10
22;0;0;1;10
173;0;0;1;10
378;0;0;1;10
425;0;0;1;10
800;0;0;2;10
973;0;0;2;10
898;0;0;2;10
1190;0;0;2;10
599;0;0;1;10
1361;0;0;2;10
1010;0;0;2;10
1408;0;0;2;10
1335;0;0;2;10
1396;0;0;2;10
855;0;0;2;10
482;0;0;1;10
255;0;0;1;10
28;0;0;1;10
662;0;0;1;10
590;0;0;1;10
569;0;0;1;10
985;0;0;2;10
836;0;0;2;10
1049;0;0;2;10
23;0;0;1;10
868;0;0;2;10
349;0;0;1;10
299;0;0;1;10
1072;0;0;2;10
1062;0;0;2;10
137;0;0;1;10
627;0;0;1;10
845;0;0;2;10
651;0;0;1;10
407;0;0;1;10
145;0;0;1;10
205;0;0;1;10
888;0;0;2;10
576;0;0;1;10
118;0;0;1;10
1369;0;0;2;10
1091;0;0;2;10
334;0;0;1;10
676;0;0;1;10
969;0;0;2;10
954;0;0;2;10
900;0;0;2;10
1267;0;0;2;10
691;0;0;1;10
375;0;0;1;10
1350;0;0;2;10
892;0;0;2;10
1393;0;0;2;10
335;0;0;1;10
560;0;0;1;10
891;0;0;2;10
433;0;0;1;10
1119;0;0;2;10
663;0;0;1;10
1016;0;0;2;10
921;0;0;2;10
734;0;0;2;10
100;0;0;1;10
497;0;0;1;10
1260;0;0;2;10
329;0;0;1;10
204;0;0;1;10
33;0;0;1;10
1373;0;0;2;10
258;0;0;1;10
1046;0;0;2;10
1189;0;0;2;10
832;0;0;2;10
502;0;0;1;10
767;0;0;2;10
269;0;0;1;10
1376;0;0;2;10
1256;0;0;2;10
10;0;0;1;10
115;0;0;1;10
1293;0;0;2;10
359;0;0;1;10
664;0;0;1;10
1023;0;0;2;10
1051;0;0;2;10
324;0;0;1;10
1266;0;0;2;10
1231;0;0;2;10
1418;0;0;2;10
852;0;0;2;10
365;0;0;1;10
1215;0;0;2;10
263;0;0;1;10
161;0;0;1;10
597;0;0;1;10
1064;0;0;2;10
1043;0;0;2;10
141;0;0;1;10
1397;0;0;2;10
603;0;0;1;10
483;0;0;1;10
513;0;0;1;10
1080;0;0;2;10
1059;0;0;2;10
814;0;0;2;10
8;0;0;1;10
747;0;0;2;10
1076;0;0;2;10
826;0;0;2;10
808;0;0;2;10
48;0;0;1;10
708;0;0;1;10
829;0;0;2;10
1334;0;0;2;10
610;0;0;1;10
799;0;0;2;10
793;0;0;2;10
693;0;0;1;10
1077;0;0;2;10
388;0;0;1;10
1333;0;0;2;10
98;0;0;1;10
1389;0;0;2;10
501;0;0;1;10
190;0;0;1;10
1290;0;0;2;10
1312;0;0;2;10
886;0;0;2;10
234;0;0;1;10
842;0;0;2;10
705;0;0;1;10
1148;0;0;2;10
1303;0;0;2;10
1263;0;0;2;10
843;0;0;2;10
612;0;0;1;10
809;0;0;2;10
615;0;0;1;10
1248;0;0;2;10
1336;0;0;2;10
984;0;0;2;10
426;0;0;1;10
1029;0;0;2;10
289;0;0;1;10
864;0;0;2;10
879;0;0;2;10
941;0;0;2;10
465;0;0;1;10
94;0;0;1;10
718;0;0;1;10
1164;0;0;2;10
524;0;0;1;10
178;0;0;1;10
1081;0;0;2;10
885;0;0;2;10
750;0;0;2;10
570;0;0;1;10
1047;0;0;2;10
840;0;0;2;10
107;0;0;1;10
144;0;0;1;10
635;0;0;1;10
72;0;0;1;10
797;0;0;2;10
689;0;0;1;10
434;0;0;1;10
589;0;0;1;10
762;0;0;2;10
529;0;0;1;10
1071;0;0;2;10
156;0;0;1;10
1181;0;0;2;10
810;0;0;2;10
1171;0;0;2;10
1388;0;0;2;10
1281;0;0;2;10
1384;0;0;2;10
167;0;0;1;10
1270;0;0;2;10
1115;0;0;2;10
230;0;0;1;10
790;0;0;2;10
1216;0;0;2;10
990;0;0;2;10
283;0;0;1;10
1236;0;0;2;10
959;0;0;2;10
353;0;0;1;10
1417;0;0;2;10
939;0;0;2;10
1262;0;0;2;10
539;0;0;1;10
1431;0;0;2;10
175;0;0;1;10
1198;0;0;2;10
309;0;0;1;10
45;0;0;1;10
248;0;0;1;10
729;0;0;2;10
1237;0;0;2;10
355;0;0;1;10
171;0;0;1;10
558;0;0;1;10
711;0;0;1;10
337;0;0;1;10
578;0;0;1;10
647;0;0;1;10
580;0;0;1;10
561;0;0;1;10
350;0;0;1;10
1380;0;0;2;10
755;0;0;2;10
1184;0;0;2;10
1241;0;0;2;10
534;0;0;1;10
1370;0;0;2;10
1291;0;0;2;10
291;0;0;1;10
290;0;0;1;10
1007;0;0;2;10
1294;0;0;2;10
68;0;0;1;10
188;0;0;1;10
376;0;0;1;10
1251;0;0;2;10
244;0;0;1;10
471;0;0;1;10
1045;0;0;2;10
74;0;0;1;10
736;0;0;2;10
1401;0;0;2;10
591;0;0;1;10
867;0;0;2;10
208;0;0;1;10
1054;0;0;2;10
203;0;0;1;10
430;0;0;1;10
771;0;0;2;10
435;0;0;1;10
1214;0;0;2;10
379;0;0;1;10
1399;0;0;2;10
1378;0;0;2;10
53;0;0;1;10
573;0;0;1;10
870;0;0;2;10
66;0;0;1;10
219;0;0;1;10
988;0;0;2;10
1283;0;0;2;10
967;0;0;2;10
328;0;0;1;10
1065;0;0;2;10
944;0;0;2;10
428;0;0;1;10
1017;0;0;2;10
1434;0;0;2;10
1413;0;0;2;10
427;0;0;1;10
247;0;0;1;10
1300;0;0;2;10
620;0;0;1;10
1297;0;0;2;10
13;0;0;1;10
928;0;0;2;10
724;0;0;2;10
1162;0;0;2;10
986;0;0;2;10
679;0;0;1;10
682;0;0;1;10
744;0;0;2;10
611;0;0;1;10
1368;0;0;2;10
31;0;0;1;10
1244;0;0;2;10
185;0;0;1;10
601;0;0;1;10
715;0;0;1;10
643;0;0;1;10
56;0;0;1;10
1238;0;0;2;10
714;0;0;1;10
370;0;0;1;10
1102;0;0;2;10
322;0;0;1;10
926;0;0;2;10
994;0;0;2;10
1344;0;0;2;10
1092;0;0;2;10
588;0;0;1;10
1402;0;0;2;10
1191;0;0;2;10
50;0;0;1;10
733;0;0;2;10
368;0;0;1;10
912;0;0;2;11
52;0;0;1;11
774;0;0;2;11
940;0;0;2;11
15;0;0;1;11
384;0;0;1;11
351;0;0;1;11
1299;0;0;2;11
685;0;0;1;11
485;0;0;1;11
766;0;0;2;11
1139;0;0;2;11
272;0;0;1;11
905;0;0;2;11
653;0;0;1;11
59;0;0;1;11
1058;0;0;2;11
186;0;0;1;11
965;0;0;2;11
231;0;0;1;11
189;0;0;1;11
770;0;0;2;11
104;0;0;1;11
320;0;0;1;11
586;0;0;1;11
754;0;0;2;11
1086;0;0;2;11
1075;0;0;2;11
658;0;0;1;11
1295;0;0;2;11
782;0;0;2;11
194;0;0;1;11
680;0;0;1;11
397;0;0;1;11
815;0;0;2;11
909;0;0;2;11
1122;0;0;2;11
410;0;0;1;11
649;0;0;1;11
528;0;0;1;11
924;0;0;2;11
1257;0;0;2;11
64;0;0;1;11
670;0;0;1;11
1168;0;0;2;11
21;0;0;1;11
1003;0;0;2;11
991;0;0;2;11
63;0;0;1;11
1273;0;0;2;11
1364;0;0;2;11
1235;0;0;2;11
1271;0;0;2;11
73;0;0;1;11
933;0;0;2;11
821;0;0;2;11
266;0;0;1;11
1194;0;0;2;11
623;0;0;1;11
1219;0;0;2;11
1107;0;0;2;11
1243;0;0;2;11
633;0;0;1;11
533;0;0;1;11
1174;0;0;2;11
1222;0;0;2;11
414;0;0;1;11
1358;0;0;2;11
998;0;0;2;11
233;0;0;1;11
919;0;0;2;11
366;0;0;1;11
86;0;0;1;11
41;0;0;1;11
325;0;0;1;11
882;0;0;2;11
1304;0;0;2;11
1223;0;0;2;11
193;0;0;1;11
221;0;0;1;11
123;0;0;1;11
180;0;0;1;11
40;0;0;1;11
904;0;0;2;11
1269;0;0;2;11
201;0;0;1;11
1315;0;0;2;11
1318;0;0;2;11
494;0;0;1;11
1078;0;0;2;11
380;0;0;1;11
469;0;0;1;11
488;0;0;1;11
701;0;0;1;11
165;0;0;1;11
523;0;0;1;11
250;0;0;1;11
403;0;0;1;11
238;0;0;1;11
91;0;0;1;11
902;0;0;2;11
176;0;0;1;11
1048;0;0;2;11
1287;0;0;2;11
192;0;0;1;11
246;0;0;1;11
496;0;0;1;11
131;0;0;1;11
401;0;0;1;11
4;0;0;1;11
942;0;0;2;11
521;0;0;1;11
1147;0;0;2;11
374;0;0;1;11
1404;0;0;2;11
54;0;0;1;11
1259;0;0;2;11
1201;0;0;2;11
1177;0;0;2;11
1325;0;0;2;11
303;0;0;1;11
37;0;0;1;11
271;0;0;1;11
935;0;0;2;11
552;0;0;1;11
616;0;0;1;11
2;0;0;1;11
1182;0;0;2;11
519;0;0;1;11
812;0;0;2;11
726;0;0;2;11
364;0;0;1;11
46;0;0;1;11
404;0;0;1;11
859;0;0;2;11
1319;0;0;2;11
866;0;0;2;11
1239;0;0;2;11
645;0;0;1;11
604;0;0;1;11
27;0;0;1;11
1435;0;0;2;11
1019;0;0;2;11
102;0;0;1;11
177;0;0;1;11
1188;0;0;2;11
26;0;0;1;11
849;0;0;2;11
642;0;0;1;11
70;0;0;1;11
945;0;0;2;11
314;0;0;1;11
987;0;0;2;11
655;0;0;1;11
441;0;0;1;11
1307;0;0;2;11
160;0;0;1;11
228;0;0;1;11
751;0;0;2;11
883;0;0;2;11
143;0;0;1;11
327;0;0;1;11
1066;0;0;2;11
499;0;0;1;11
753;0;0;2;11
817;0;0;2;11
1108;0;0;2;11
411;0;0;1;11
78;0;0;1;11
1152;0;0;2;11
605;0;0;1;11
637;0;0;1;11
305;0;0;1;11
989;0;0;2;11
997;0;0;2;11
474;0;0;1;11
566;0;0;1;11
1196;0;0;2;11
481;0;0;1;11
769;0;0;2;11
765;0;0;2;11
1127;0;0;2;11
745;0;0;2;11
390;0;0;1;11
245;0;0;1;11
268;0;0;1;11
791;0;0;2;11
311;0;0;1;11
943;0;0;2;11
1338;0;0;2;11
1409;0;0;2;11
381;0;0;1;11
758;0;0;2;11
1326;0;0;2;11
881;0;0;2;11
1067;0;0;2;11
170;0;0;1;11
1264;0;0;2;11
413;0;0;1;11
688;0;0;1;11
644;0;0;1;11
431;0;0;1;11
915;0;0;2;11
764;0;0;2;11
1247;0;0;2;11
665;0;0;1;11
1154;0;0;2;11
1391;0;0;2;11
270;0;0;1;11
920;0;0;2;11
678;0;0;1;11
1027;0;0;2;11
788;0;0;2;11
677;0;0;1;11
858;0;0;2;11
978;0;0;2;11
854;0;0;2;11
113;0;0;1;11
624;0;0;1;11
216;0;0;1;11
281;0;0;1;11
1101;0;0;2;11
1405;0;0;2;11
1212;0;0;2;11
135;0;0;1;11
917;0;0;2;11
1230;0;0;2;11
1073;0;0;2;11
1213;0;0;2;11
1197;0;0;2;11
51;0;0;1;11
382;0;0;1;11
220;0;0;1;11
697;0;0;1;11
526;0;0;1;11
1372;0;0;2;11
277;0;0;1;11
1250;0;0;2;11
510;0;0;1;11
357;0;0;1;11
57;0;0;1;11
1386;0;0;2;11
77;0;0;1;11
348;0;0;1;11
626;0;0;1;11
1206;0;0;2;11
947;0;0;2;11
778;0;0;2;11
125;0;0;1;11
518;0;0;1;11
470;0;0;1;11
307;0;0;1;11
1255;0;0;2;11
1276;0;0;2;11
1233;0;0;2;11
323;0;0;1;11
237;0;0;1;11
936;0;0;2;11
1360;0;0;2;11
1183;0;0;2;11
910;0;0;2;11
296;0;0;1;11
1430;0;0;2;11
720;0;0;2;11
119;0;0;1;11
1203;0;0;2;11
871;0;0;2;11
454;0;0;1;11
761;0;0;2;11
227;0;0;1;11
395;0;0;1;11
1202;0;0;2;11
326;0;0;1;11
96;0;0;1;11
1173;0;0;2;11
583;0;0;1;11
1153;0;0;2;11
650;0;0;1;11
1179;0;0;2;11
667;0;0;1;11
224;0;0;1;11
181;0;0;1;11
239;0;0;1;11
962;0;0;2;11
1149;0;0;2;11
200;0;0;1;11
681;0;0;1;11
893;0;0;2;11
1150;0;0;2;11
696;0;0;1;11
196;0;0;1;11
848;0;0;2;11
136;0;0;1;11
1403;0;0;2;11
1070;0;0;2;11
1254;0;0;2;11
875;0;0;2;11
1432;0;0;2;11
214;0;0;1;11
575;0;0;1;11
317;0;0;1;11
654;0;0;1;11
424;0;0;1;11
564;0;0;1;11
7;0;0;1;11
295;0;0;1;11
3;0;0;1;11
97;0;0;1;11
444;0;0;1;11
455;0;0;1;11
151;0;0;1;11
304;0;0;1;11
286;0;0;1;11
572;0;0;1;11
1060;0;0;2;11
489;0;0;1;11
330;0;0;1;11
1033;0;0;2;11
1020;0;0;2;11
784;0;0;2;11
490;0;0;1;11
475;0;0;1;11
262;0;0;1;11
128;0;0;1;11
168;0;0;1;11
294;0;0;1;11
748;0;0;2;11
313;0;0;1;11
595;0;0;1;11
828;0;0;2;11
1398;0;0;2;11
896;0;0;2;11
150;0;0;1;11
1172;0;0;2;11
1383;0;0;2;11
179;0;0;1;11
398;0;0;1;11
672;0;0;1;11
1109;0;0;2;11
949;0;0;2;11
1053;0;0;2;11
169;0;0;1;11
1296;0;0;2;11
983;0;0;2;11
114;0;0;1;11
209;0;0;1;11
918;0;0;2;11
386;0;0;1;11
587;0;0;1;11
1249;0;0;2;11
819;0;0;2;11
347;0;0;1;11
757;0;0;2;11
781;0;0;2;11
1284;0;0;2;11
235;0;0;1;11
448;0;0;1;11
1110;0;0;2;11
9;0;0;1;11
1159;0;0;2;11
