445;0;0;-1;0
81;0;0;1;0
439;0;0;-1;0
128;0;0;1;0
173;0;0;1;0
196;0;0;1;0
415;0;0;-1;0
295;0;0;-1;0
447;0;0;-1;0
107;0;0;1;0
238;0;0;1;0
192;0;0;1;0
47;0;0;1;0
294;0;0;-1;0
33;0;0;1;0
523;0;0;-1;0
428;0;0;-1;0
156;0;0;1;0
92;0;0;1;0
245;0;0;1;0
17;0;0;1;0
471;0;0;-1;0
391;0;0;-1;0
83;0;0;1;0
233;0;0;1;0
438;0;0;-1;0
120;0;0;1;0
225;0;0;1;0
524;0;0;-1;0
97;0;0;1;0
320;0;0;-1;0
377;0;0;-1;0
538;0;0;-1;0
366;0;0;-1;0
9;0;0;1;0
378;0;0;-1;0
38;0;0;1;0
498;0;0;-1;0
455;0;0;-1;0
228;0;0;1;0
179;0;0;1;0
334;0;0;-1;0
437;0;0;-1;0
205;0;0;1;0
262;0;0;1;0
130;0;0;1;0
172;0;0;1;0
76;0;0;1;0
230;0;0;1;0
53;0;0;1;0
451;0;0;-1;0
203;0;0;1;0
486;0;0;-1;0
214;0;0;1;0
250;0;0;1;0
103;0;0;1;0
362;0;0;-1;0
272;0;0;1;0
244;0;0;1;0
302;0;0;-1;0
200;0;0;1;0
331;0;0;-1;0
453;0;0;-1;0
169;0;0;1;0
209;0;0;1;0
25;0;0;1;0
305;0;0;-1;0
278;0;0;-1;0
481;0;0;-1;0
281;0;0;-1;0
122;0;0;1;0
36;0;0;1;0
197;0;0;1;0
110;0;0;1;0
248;0;0;1;0
474;0;0;-1;0
219;0;0;1;0
29;0;0;1;0
477;0;0;-1;0
139;0;0;1;0
270;0;0;1;0
116;0;0;1;0
96;0;0;1;0
489;0;0;-1;0
258;0;0;1;0
171;0;0;1;0
365;0;0;-1;0
113;0;0;1;0
297;0;0;-1;0
463;0;0;-1;0
517;0;0;-1;0
43;0;0;1;0
446;0;0;-1;0
465;0;0;-1;0
231;0;0;1;0
261;0;0;1;0
66;0;0;1;0
505;0;0;-1;0
322;0;0;-1;0
404;0;0;-1;0
18;0;0;1;0
106;0;0;1;0
101;0;0;1;0
308;0;0;-1;0
45;0;0;1;0
140;0;0;1;0
339;0;0;-1;0
147;0;0;1;0
516;0;0;-1;0
353;0;0;-1;0
131;0;0;1;0
51;0;0;1;0
0;0;0;1;0
458;0;0;-1;0
72;0;0;1;0
149;0;0;1;0
417;0;0;-1;0
304;0;0;-1;0
529;0;0;-1;0
77;0;0;1;0
513;0;0;-1;0
547;0;0;-1;0
490;0;0;-1;0
333;0;0;-1;0
10;0;0;1;0
180;0;0;1;0
390;0;0;-1;0
459;0;0;-1;0
457;0;0;-1;0
419;0;0;-1;0
328;0;0;-1;0
93;0;0;1;0
476;0;0;-1;0
381;0;0;-1;0
67;0;0;1;0
430;0;0;-1;0
194;0;0;1;1
506;0;0;-1;1
4;0;0;1;1
314;0;0;-1;1
395;0;0;-1;1
174;0;0;1;1
360;0;0;-1;1
14;0;0;1;1
65;0;0;1;1
411;0;0;-1;1
424;0;0;-1;1
367;0;0;-1;1
223;0;0;1;1
332;0;0;-1;1
112;0;0;1;1
535;0;0;-1;1
454;0;0;-1;1
165;0;0;1;1
429;0;0;-1;1
425;0;0;-1;1
152;0;0;1;1
73;0;0;1;1
24;0;0;1;1
141;0;0;1;1
70;0;0;1;1
410;0;0;-1;1
246;0;0;1;1
484;0;0;-1;1
190;0;0;1;1
240;0;0;1;1
267;0;0;1;1
135;0;0;1;1
241;0;0;1;1
283;0;0;-1;1
95;0;0;1;1
40;0;0;1;1
548;0;0;-1;1
26;0;0;1;1
280;0;0;-1;1
530;0;0;-1;1
432;0;0;-1;1
222;0;0;1;1
531;0;0;-1;1
148;0;0;1;1
338;0;0;-1;1
436;0;0;-1;1
146;0;0;1;1
87;0;0;1;1
195;0;0;1;1
237;0;0;1;1
522;0;0;-1;1
176;0;0;1;1
257;0;0;1;1
348;0;0;-1;1
340;0;0;-1;1
396;0;0;-1;1
253;0;0;1;1
252;0;0;1;1
144;0;0;1;1
422;0;0;-1;1
153;0;0;1;1
125;0;0;1;1
15;0;0;1;1
448;0;0;-1;1
392;0;0;-1;1
364;0;0;-1;1
62;0;0;1;1
157;0;0;1;1
542;0;0;-1;1
275;0;0;-1;1
290;0;0;-1;1
359;0;0;-1;1
7;0;0;1;1
30;0;0;1;1
48;0;0;1;1
273;0;0;1;1
121;0;0;1;1
124;0;0;1;1
56;0;0;1;1
387;0;0;-1;1
344;0;0;-1;1
521;0;0;-1;1
500;0;0;-1;1
375;0;0;-1;1
268;0;0;1;1
541;0;0;-1;1
74;0;0;1;1
520;0;0;-1;1
352;0;0;-1;1
8;0;0;1;1
1;0;0;1;1
104;0;0;1;1
306;0;0;-1;1
242;0;0;1;1
21;0;0;1;1
235;0;0;1;1
527;0;0;-1;1
533;0;0;-1;1
402;0;0;-1;1
450;0;0;-1;1
508;0;0;-1;1
380;0;0;-1;1
319;0;0;-1;1
34;0;0;1;1
303;0;0;-1;1
182;0;0;1;1
418;0;0;-1;1
409;0;0;-1;1
57;0;0;1;1
497;0;0;-1;1
27;0;0;1;1
49;0;0;1;1
151;0;0;1;1
255;0;0;1;1
263;0;0;1;1
260;0;0;1;1
363;0;0;-1;1
162;0;0;1;1
161;0;0;1;1
117;0;0;1;1
325;0;0;-1;1
356;0;0;-1;1
398;0;0;-1;1
416;0;0;-1;1
274;0;0;1;1
287;0;0;-1;1
346;0;0;-1;1
382;0;0;-1;1
94;0;0;1;1
440;0;0;-1;1
495;0;0;-1;1
264;0;0;1;1
115;0;0;1;1
136;0;0;1;1
350;0;0;-1;1
211;0;0;1;1
472;0;0;-1;2
54;0;0;1;2
307;0;0;-1;2
483;0;0;-1;2
85;0;0;1;2
540;0;0;-1;2
251;0;0;1;2
52;0;0;1;2
310;0;0;-1;2
317;0;0;-1;2
28;0;0;1;2
504;0;0;-1;2
138;0;0;1;2
487;0;0;-1;2
12;0;0;1;2
293;0;0;-1;2
111;0;0;1;2
501;0;0;-1;2
434;0;0;-1;2
208;0;0;1;2
379;0;0;-1;2
452;0;0;-1;2
118;0;0;1;2
64;0;0;1;2
259;0;0;1;2
284;0;0;-1;2
282;0;0;-1;2
126;0;0;1;2
291;0;0;-1;2
496;0;0;-1;2
243;0;0;1;2
256;0;0;1;2
265;0;0;1;2
100;0;0;1;2
318;0;0;-1;2
91;0;0;1;2
227;0;0;1;2
279;0;0;-1;2
327;0;0;-1;2
183;0;0;1;2
321;0;0;-1;2
442;0;0;-1;2
374;0;0;-1;2
143;0;0;1;2
41;0;0;1;2
155;0;0;1;2
414;0;0;-1;2
385;0;0;-1;2
502;0;0;-1;2
102;0;0;1;2
90;0;0;1;2
337;0;0;-1;2
210;0;0;1;2
534;0;0;-1;2
433;0;0;-1;2
232;0;0;1;2
123;0;0;1;2
132;0;0;1;2
545;0;0;-1;2
127;0;0;1;2
388;0;0;-1;2
461;0;0;-1;2
475;0;0;-1;2
299;0;0;-1;2
150;0;0;1;2
431;0;0;-1;2
236;0;0;1;2
35;0;0;1;2
84;0;0;1;2
221;0;0;1;2
61;0;0;1;2
98;0;0;1;2
441;0;0;-1;2
254;0;0;1;2
316;0;0;-1;2
58;0;0;1;2
532;0;0;-1;2
406;0;0;-1;2
191;0;0;1;2
22;0;0;1;2
361;0;0;-1;2
129;0;0;1;2
119;0;0;1;2
105;0;0;1;2
354;0;0;-1;2
89;0;0;1;2
86;0;0;1;2
401;0;0;-1;2
247;0;0;1;2
158;0;0;1;2
507;0;0;-1;2
368;0;0;-1;2
372;0;0;-1;2
204;0;0;1;2
355;0;0;-1;2
349;0;0;-1;2
326;0;0;-1;2
427;0;0;-1;2
394;0;0;-1;2
11;0;0;1;2
289;0;0;-1;2
271;0;0;1;2
539;0;0;-1;2
202;0;0;1;2
370;0;0;-1;2
3;0;0;1;2
216;0;0;1;2
412;0;0;-1;2
369;0;0;-1;2
525;0;0;-1;2
460;0;0;-1;2
159;0;0;1;2
269;0;0;1;2
215;0;0;1;2
188;0;0;1;2
493;0;0;-1;2
46;0;0;1;2
20;0;0;1;2
492;0;0;-1;2
71;0;0;1;2
239;0;0;1;2
226;0;0;1;2
6;0;0;1;2
423;0;0;-1;2
298;0;0;-1;2
315;0;0;-1;2
511;0;0;-1;2
536;0;0;-1;2
78;0;0;1;2
79;0;0;1;2
403;0;0;-1;2
397;0;0;-1;2
160;0;0;1;2
456;0;0;-1;2
193;0;0;1;2
187;0;0;1;2
154;0;0;1;3
503;0;0;-1;3
478;0;0;-1;3
526;0;0;-1;3
544;0;0;-1;3
345;0;0;-1;3
482;0;0;-1;3
420;0;0;-1;3
213;0;0;1;3
324;0;0;-1;3
405;0;0;-1;3
145;0;0;1;3
80;0;0;1;3
373;0;0;-1;3
82;0;0;1;3
393;0;0;-1;3
224;0;0;1;3
198;0;0;1;3
44;0;0;1;3
323;0;0;-1;3
335;0;0;-1;3
329;0;0;-1;3
444;0;0;-1;3
207;0;0;1;3
163;0;0;1;3
518;0;0;-1;3
376;0;0;-1;3
69;0;0;1;3
413;0;0;-1;3
50;0;0;1;3
177;0;0;1;3
292;0;0;-1;3
473;0;0;-1;3
68;0;0;1;3
480;0;0;-1;3
479;0;0;-1;3
13;0;0;1;3
514;0;0;-1;3
185;0;0;1;3
218;0;0;1;3
266;0;0;1;3
277;0;0;-1;3
229;0;0;1;3
468;0;0;-1;3
2;0;0;1;3
528;0;0;-1;3
220;0;0;1;3
537;0;0;-1;3
443;0;0;-1;3
399;0;0;-1;3
178;0;0;1;3
186;0;0;1;3
470;0;0;-1;3
142;0;0;1;3
288;0;0;-1;3
55;0;0;1;3
449;0;0;-1;3
341;0;0;-1;3
313;0;0;-1;3
134;0;0;1;3
296;0;0;-1;3
488;0;0;-1;3
312;0;0;-1;3
167;0;0;1;3
549;0;0;-1;3
426;0;0;-1;3
330;0;0;-1;3
512;0;0;-1;3
37;0;0;1;3
285;0;0;-1;3
201;0;0;1;3
494;0;0;-1;3
543;0;0;-1;3
467;0;0;-1;3
42;0;0;1;3
217;0;0;1;3
515;0;0;-1;3
383;0;0;-1;3
109;0;0;1;3
249;0;0;1;3
5;0;0;1;3
63;0;0;1;3
491;0;0;-1;3
421;0;0;-1;3
499;0;0;-1;3
462;0;0;-1;3
469;0;0;-1;3
164;0;0;1;3
60;0;0;1;3
389;0;0;-1;3
114;0;0;1;3
336;0;0;-1;3
407;0;0;-1;3
39;0;0;1;3
206;0;0;1;3
31;0;0;1;3
510;0;0;-1;3
212;0;0;1;3
133;0;0;1;3
466;0;0;-1;3
485;0;0;-1;3
342;0;0;-1;3
371;0;0;-1;3
168;0;0;1;3
400;0;0;-1;3
75;0;0;1;3
546;0;0;-1;3
59;0;0;1;3
309;0;0;-1;3
347;0;0;-1;3
108;0;0;1;3
166;0;0;1;3
519;0;0;-1;3
384;0;0;-1;3
286;0;0;-1;3
99;0;0;1;3
358;0;0;-1;3
509;0;0;-1;3
170;0;0;1;3
234;0;0;1;3
435;0;0;-1;3
301;0;0;-1;3
19;0;0;1;3
408;0;0;-1;3
464;0;0;-1;3
137;0;0;1;3
300;0;0;-1;3
23;0;0;1;3
199;0;0;1;3
351;0;0;-1;3
16;0;0;1;3
386;0;0;-1;3
88;0;0;1;3
189;0;0;1;3
32;0;0;1;3
276;0;0;-1;3
175;0;0;1;3
181;0;0;1;3
343;0;0;-1;3
184;0;0;1;3
357;0;0;-1;3
311;0;0;-1;3
420;0;0;-1;4
309;0;0;-1;4
84;0;0;1;4
91;0;0;1;4
470;0;0;-1;4
367;0;0;-1;4
305;0;0;-1;4
213;0;0;1;4
484;0;0;-1;4
64;0;0;1;4
34;0;0;1;4
267;0;0;1;4
281;0;0;-1;4
236;0;0;1;4
537;0;0;-1;4
210;0;0;1;4
463;0;0;-1;4
541;0;0;-1;4
77;0;0;1;4
384;0;0;-1;4
82;0;0;1;4
153;0;0;1;4
252;0;0;1;4
348;0;0;-1;4
200;0;0;1;4
199;0;0;1;4
126;0;0;1;4
310;0;0;-1;4
6;0;0;1;4
276;0;0;-1;4
456;0;0;-1;4
43;0;0;1;4
189;0;0;1;4
425;0;0;-1;4
533;0;0;-1;4
419;0;0;-1;4
335;0;0;-1;4
196;0;0;1;4
312;0;0;-1;4
368;0;0;-1;4
324;0;0;-1;4
78;0;0;1;4
72;0;0;1;4
188;0;0;1;4
327;0;0;-1;4
5;0;0;1;4
81;0;0;1;4
426;0;0;-1;4
158;0;0;1;4
121;0;0;1;4
500;0;0;-1;4
297;0;0;-1;4
263;0;0;1;4
0;0;0;1;4
55;0;0;1;4
418;0;0;-1;4
404;0;0;-1;4
380;0;0;-1;4
255;0;0;1;4
79;0;0;1;4
218;0;0;1;4
155;0;0;1;4
27;0;0;1;4
344;0;0;-1;4
83;0;0;1;4
113;0;0;1;4
439;0;0;-1;4
168;0;0;1;4
19;0;0;1;4
17;0;0;1;4
170;0;0;1;4
11;0;0;1;4
314;0;0;-1;4
10;0;0;1;4
496;0;0;-1;4
241;0;0;1;4
100;0;0;1;4
475;0;0;-1;4
512;0;0;-1;4
287;0;0;-1;4
261;0;0;1;4
353;0;0;-1;4
133;0;0;1;4
103;0;0;1;4
331;0;0;-1;4
70;0;0;1;4
171;0;0;1;4
231;0;0;1;4
268;0;0;1;4
190;0;0;1;4
131;0;0;1;4
243;0;0;1;4
493;0;0;-1;4
257;0;0;1;4
253;0;0;1;4
394;0;0;-1;4
76;0;0;1;4
429;0;0;-1;4
528;0;0;-1;4
20;0;0;1;4
159;0;0;1;4
487;0;0;-1;4
397;0;0;-1;4
13;0;0;1;4
461;0;0;-1;4
14;0;0;1;4
104;0;0;1;4
488;0;0;-1;4
474;0;0;-1;4
538;0;0;-1;4
373;0;0;-1;4
355;0;0;-1;4
53;0;0;1;4
415;0;0;-1;4
393;0;0;-1;4
507;0;0;-1;4
319;0;0;-1;4
183;0;0;1;4
489;0;0;-1;4
472;0;0;-1;4
85;0;0;1;4
39;0;0;1;4
438;0;0;-1;4
364;0;0;-1;4
187;0;0;1;4
249;0;0;1;4
258;0;0;1;4
15;0;0;1;4
330;0;0;-1;4
464;0;0;-1;4
73;0;0;1;4
62;0;0;1;4
359;0;0;-1;4
431;0;0;-1;4
459;0;0;-1;4
262;0;0;1;4
214;0;0;1;5
509;0;0;-1;5
486;0;0;-1;5
49;0;0;1;5
329;0;0;-1;5
478;0;0;-1;5
60;0;0;1;5
293;0;0;-1;5
36;0;0;1;5
260;0;0;1;5
114;0;0;1;5
549;0;0;-1;5
48;0;0;1;5
254;0;0;1;5
232;0;0;1;5
343;0;0;-1;5
498;0;0;-1;5
117;0;0;1;5
501;0;0;-1;5
317;0;0;-1;5
448;0;0;-1;5
485;0;0;-1;5
362;0;0;-1;5
508;0;0;-1;5
211;0;0;1;5
7;0;0;1;5
30;0;0;1;5
469;0;0;-1;5
311;0;0;-1;5
356;0;0;-1;5
88;0;0;1;5
94;0;0;1;5
318;0;0;-1;5
54;0;0;1;5
122;0;0;1;5
205;0;0;1;5
156;0;0;1;5
181;0;0;1;5
194;0;0;1;5
377;0;0;-1;5
110;0;0;1;5
247;0;0;1;5
306;0;0;-1;5
526;0;0;-1;5
444;0;0;-1;5
40;0;0;1;5
32;0;0;1;5
491;0;0;-1;5
75;0;0;1;5
322;0;0;-1;5
245;0;0;1;5
66;0;0;1;5
173;0;0;1;5
296;0;0;-1;5
449;0;0;-1;5
147;0;0;1;5
495;0;0;-1;5
33;0;0;1;5
503;0;0;-1;5
139;0;0;1;5
69;0;0;1;5
80;0;0;1;5
136;0;0;1;5
315;0;0;-1;5
466;0;0;-1;5
105;0;0;1;5
338;0;0;-1;5
540;0;0;-1;5
333;0;0;-1;5
174;0;0;1;5
146;0;0;1;5
440;0;0;-1;5
388;0;0;-1;5
332;0;0;-1;5
193;0;0;1;5
434;0;0;-1;5
25;0;0;1;5
328;0;0;-1;5
433;0;0;-1;5
399;0;0;-1;5
135;0;0;1;5
520;0;0;-1;5
465;0;0;-1;5
432;0;0;-1;5
140;0;0;1;5
42;0;0;1;5
86;0;0;1;5
291;0;0;-1;5
345;0;0;-1;5
195;0;0;1;5
543;0;0;-1;5
61;0;0;1;5
216;0;0;1;5
480;0;0;-1;5
436;0;0;-1;5
386;0;0;-1;5
179;0;0;1;5
445;0;0;-1;5
238;0;0;1;5
115;0;0;1;5
206;0;0;1;5
124;0;0;1;5
16;0;0;1;5
112;0;0;1;5
295;0;0;-1;5
21;0;0;1;5
473;0;0;-1;5
369;0;0;-1;5
212;0;0;1;5
381;0;0;-1;5
427;0;0;-1;5
341;0;0;-1;5
363;0;0;-1;5
92;0;0;1;5
285;0;0;-1;5
93;0;0;1;5
371;0;0;-1;5
219;0;0;1;5
502;0;0;-1;5
365;0;0;-1;5
275;0;0;-1;5
23;0;0;1;5
95;0;0;1;5
547;0;0;-1;5
71;0;0;1;5
97;0;0;1;5
35;0;0;1;5
443;0;0;-1;5
492;0;0;-1;5
457;0;0;-1;5
477;0;0;-1;5
141;0;0;1;5
417;0;0;-1;5
410;0;0;-1;5
289;0;0;-1;5
455;0;0;-1;5
370;0;0;-1;6
522;0;0;-1;6
395;0;0;-1;6
87;0;0;1;6
282;0;0;-1;6
313;0;0;-1;6
138;0;0;1;6
4;0;0;1;6
471;0;0;-1;6
264;0;0;1;6
525;0;0;-1;6
167;0;0;1;6
63;0;0;1;6
269;0;0;1;6
180;0;0;1;6
302;0;0;-1;6
542;0;0;-1;6
286;0;0;-1;6
132;0;0;1;6
56;0;0;1;6
290;0;0;-1;6
191;0;0;1;6
265;0;0;1;6
108;0;0;1;6
361;0;0;-1;6
59;0;0;1;6
490;0;0;-1;6
548;0;0;-1;6
482;0;0;-1;6
204;0;0;1;6
424;0;0;-1;6
130;0;0;1;6
227;0;0;1;6
321;0;0;-1;6
506;0;0;-1;6
239;0;0;1;6
111;0;0;1;6
546;0;0;-1;6
148;0;0;1;6
9;0;0;1;6
499;0;0;-1;6
125;0;0;1;6
251;0;0;1;6
378;0;0;-1;6
154;0;0;1;6
235;0;0;1;6
272;0;0;1;6
162;0;0;1;6
450;0;0;-1;6
185;0;0;1;6
90;0;0;1;6
422;0;0;-1;6
299;0;0;-1;6
372;0;0;-1;6
412;0;0;-1;6
51;0;0;1;6
152;0;0;1;6
514;0;0;-1;6
24;0;0;1;6
515;0;0;-1;6
530;0;0;-1;6
518;0;0;-1;6
31;0;0;1;6
320;0;0;-1;6
360;0;0;-1;6
375;0;0;-1;6
244;0;0;1;6
67;0;0;1;6
521;0;0;-1;6
442;0;0;-1;6
38;0;0;1;6
165;0;0;1;6
402;0;0;-1;6
107;0;0;1;6
127;0;0;1;6
250;0;0;1;6
240;0;0;1;6
28;0;0;1;6
379;0;0;-1;6
423;0;0;-1;6
57;0;0;1;6
119;0;0;1;6
535;0;0;-1;6
479;0;0;-1;6
527;0;0;-1;6
396;0;0;-1;6
462;0;0;-1;6
294;0;0;-1;6
454;0;0;-1;6
467;0;0;-1;6
217;0;0;1;6
26;0;0;1;6
351;0;0;-1;6
259;0;0;1;6
175;0;0;1;6
385;0;0;-1;6
225;0;0;1;6
307;0;0;-1;6
142;0;0;1;6
539;0;0;-1;6
169;0;0;1;6
531;0;0;-1;6
201;0;0;1;6
504;0;0;-1;6
226;0;0;1;6
284;0;0;-1;6
428;0;0;-1;6
222;0;0;1;6
358;0;0;-1;6
224;0;0;1;6
123;0;0;1;6
326;0;0;-1;6
316;0;0;-1;6
248;0;0;1;6
334;0;0;-1;6
283;0;0;-1;6
403;0;0;-1;6
143;0;0;1;6
435;0;0;-1;6
511;0;0;-1;6
405;0;0;-1;6
209;0;0;1;6
529;0;0;-1;6
483;0;0;-1;6
409;0;0;-1;6
202;0;0;1;6
458;0;0;-1;6
230;0;0;1;6
128;0;0;1;6
58;0;0;1;6
166;0;0;1;6
389;0;0;-1;6
476;0;0;-1;6
270;0;0;1;6
8;0;0;1;6
510;0;0;-1;6
129;0;0;1;7
277;0;0;-1;7
406;0;0;-1;7
280;0;0;-1;7
233;0;0;1;7
266;0;0;1;7
46;0;0;1;7
481;0;0;-1;7
523;0;0;-1;7
186;0;0;1;7
65;0;0;1;7
400;0;0;-1;7
50;0;0;1;7
387;0;0;-1;7
177;0;0;1;7
182;0;0;1;7
116;0;0;1;7
237;0;0;1;7
221;0;0;1;7
228;0;0;1;7
118;0;0;1;7
545;0;0;-1;7
447;0;0;-1;7
157;0;0;1;7
460;0;0;-1;7
390;0;0;-1;7
392;0;0;-1;7
383;0;0;-1;7
74;0;0;1;7
144;0;0;1;7
408;0;0;-1;7
198;0;0;1;7
150;0;0;1;7
172;0;0;1;7
304;0;0;-1;7
52;0;0;1;7
68;0;0;1;7
366;0;0;-1;7
44;0;0;1;7
468;0;0;-1;7
288;0;0;-1;7
45;0;0;1;7
336;0;0;-1;7
342;0;0;-1;7
347;0;0;-1;7
22;0;0;1;7
346;0;0;-1;7
301;0;0;-1;7
137;0;0;1;7
339;0;0;-1;7
308;0;0;-1;7
37;0;0;1;7
164;0;0;1;7
414;0;0;-1;7
494;0;0;-1;7
1;0;0;1;7
149;0;0;1;7
161;0;0;1;7
446;0;0;-1;7
513;0;0;-1;7
274;0;0;1;7
382;0;0;-1;7
203;0;0;1;7
298;0;0;-1;7
176;0;0;1;7
374;0;0;-1;7
421;0;0;-1;7
229;0;0;1;7
354;0;0;-1;7
452;0;0;-1;7
278;0;0;-1;7
96;0;0;1;7
416;0;0;-1;7
325;0;0;-1;7
273;0;0;1;7
350;0;0;-1;7
106;0;0;1;7
451;0;0;-1;7
517;0;0;-1;7
505;0;0;-1;7
323;0;0;-1;7
437;0;0;-1;7
3;0;0;1;7
215;0;0;1;7
271;0;0;1;7
99;0;0;1;7
292;0;0;-1;7
524;0;0;-1;7
303;0;0;-1;7
101;0;0;1;7
109;0;0;1;7
89;0;0;1;7
178;0;0;1;7
246;0;0;1;7
145;0;0;1;7
2;0;0;1;7
391;0;0;-1;7
413;0;0;-1;7
151;0;0;1;7
519;0;0;-1;7
411;0;0;-1;7
340;0;0;-1;7
453;0;0;-1;7
220;0;0;1;7
337;0;0;-1;7
376;0;0;-1;7
516;0;0;-1;7
536;0;0;-1;7
41;0;0;1;7
352;0;0;-1;7
29;0;0;1;7
160;0;0;1;7
134;0;0;1;7
407;0;0;-1;7
532;0;0;-1;7
398;0;0;-1;7
197;0;0;1;7
349;0;0;-1;7
208;0;0;1;7
47;0;0;1;7
441;0;0;-1;7
300;0;0;-1;7
534;0;0;-1;7
357;0;0;-1;7
102;0;0;1;7
12;0;0;1;7
497;0;0;-1;7
223;0;0;1;7
207;0;0;1;7
401;0;0;-1;7
163;0;0;1;7
120;0;0;1;7
544;0;0;-1;7
279;0;0;-1;7
192;0;0;1;7
18;0;0;1;7
184;0;0;1;7
430;0;0;-1;7
98;0;0;1;7
242;0;0;1;7
234;0;0;1;7
256;0;0;1;7
505;0;0;-1;8
302;0;0;-1;8
3;0;0;1;8
231;0;0;1;8
295;0;0;-1;8
229;0;0;1;8
51;0;0;1;8
128;0;0;1;8
111;0;0;1;8
79;0;0;1;8
309;0;0;-1;8
71;0;0;1;8
346;0;0;-1;8
168;0;0;1;8
258;0;0;1;8
392;0;0;-1;8
436;0;0;-1;8
105;0;0;1;8
549;0;0;-1;8
244;0;0;1;8
42;0;0;1;8
410;0;0;-1;8
1;0;0;1;8
90;0;0;1;8
4;0;0;1;8
435;0;0;-1;8
467;0;0;-1;8
216;0;0;1;8
407;0;0;-1;8
142;0;0;1;8
255;0;0;1;8
233;0;0;1;8
298;0;0;-1;8
507;0;0;-1;8
0;0;0;1;8
352;0;0;-1;8
205;0;0;1;8
399;0;0;-1;8
252;0;0;1;8
388;0;0;-1;8
504;0;0;-1;8
403;0;0;-1;8
416;0;0;-1;8
185;0;0;1;8
449;0;0;-1;8
29;0;0;1;8
8;0;0;1;8
517;0;0;-1;8
445;0;0;-1;8
444;0;0;-1;8
452;0;0;-1;8
343;0;0;-1;8
382;0;0;-1;8
218;0;0;1;8
409;0;0;-1;8
459;0;0;-1;8
80;0;0;1;8
228;0;0;1;8
214;0;0;1;8
394;0;0;-1;8
535;0;0;-1;8
174;0;0;1;8
53;0;0;1;8
314;0;0;-1;8
93;0;0;1;8
7;0;0;1;8
528;0;0;-1;8
62;0;0;1;8
89;0;0;1;8
28;0;0;1;8
176;0;0;1;8
427;0;0;-1;8
151;0;0;1;8
37;0;0;1;8
177;0;0;1;8
167;0;0;1;8
100;0;0;1;8
222;0;0;1;8
268;0;0;1;8
257;0;0;1;8
267;0;0;1;8
509;0;0;-1;8
500;0;0;-1;8
417;0;0;-1;8
413;0;0;-1;8
489;0;0;-1;8
114;0;0;1;8
145;0;0;1;8
540;0;0;-1;8
276;0;0;-1;8
211;0;0;1;8
334;0;0;-1;8
512;0;0;-1;8
483;0;0;-1;8
207;0;0;1;8
538;0;0;-1;8
204;0;0;1;8
249;0;0;1;8
453;0;0;-1;8
350;0;0;-1;8
480;0;0;-1;8
223;0;0;1;8
161;0;0;1;8
310;0;0;-1;8
202;0;0;1;8
78;0;0;1;8
122;0;0;1;8
531;0;0;-1;8
338;0;0;-1;8
497;0;0;-1;8
430;0;0;-1;8
132;0;0;1;8
385;0;0;-1;8
412;0;0;-1;8
141;0;0;1;8
73;0;0;1;8
491;0;0;-1;8
117;0;0;1;8
201;0;0;1;8
55;0;0;1;8
232;0;0;1;8
426;0;0;-1;8
10;0;0;1;8
523;0;0;-1;8
486;0;0;-1;8
77;0;0;1;8
162;0;0;1;8
448;0;0;-1;8
463;0;0;-1;8
498;0;0;-1;8
284;0;0;-1;8
56;0;0;1;8
492;0;0;-1;8
477;0;0;-1;8
377;0;0;-1;8
465;0;0;-1;8
139;0;0;1;9
439;0;0;-1;9
116;0;0;1;9
123;0;0;1;9
381;0;0;-1;9
146;0;0;1;9
285;0;0;-1;9
2;0;0;1;9
541;0;0;-1;9
19;0;0;1;9
337;0;0;-1;9
303;0;0;-1;9
411;0;0;-1;9
433;0;0;-1;9
301;0;0;-1;9
461;0;0;-1;9
165;0;0;1;9
502;0;0;-1;9
485;0;0;-1;9
355;0;0;-1;9
154;0;0;1;9
198;0;0;1;9
110;0;0;1;9
6;0;0;1;9
375;0;0;-1;9
469;0;0;-1;9
419;0;0;-1;9
212;0;0;1;9
529;0;0;-1;9
58;0;0;1;9
389;0;0;-1;9
532;0;0;-1;9
136;0;0;1;9
248;0;0;1;9
312;0;0;-1;9
510;0;0;-1;9
46;0;0;1;9
155;0;0;1;9
414;0;0;-1;9
260;0;0;1;9
408;0;0;-1;9
291;0;0;-1;9
438;0;0;-1;9
456;0;0;-1;9
470;0;0;-1;9
305;0;0;-1;9
181;0;0;1;9
82;0;0;1;9
65;0;0;1;9
86;0;0;1;9
152;0;0;1;9
159;0;0;1;9
306;0;0;-1;9
361;0;0;-1;9
362;0;0;-1;9
511;0;0;-1;9
288;0;0;-1;9
431;0;0;-1;9
357;0;0;-1;9
194;0;0;1;9
266;0;0;1;9
21;0;0;1;9
193;0;0;1;9
530;0;0;-1;9
74;0;0;1;9
41;0;0;1;9
539;0;0;-1;9
101;0;0;1;9
395;0;0;-1;9
203;0;0;1;9
354;0;0;-1;9
548;0;0;-1;9
457;0;0;-1;9
311;0;0;-1;9
460;0;0;-1;9
38;0;0;1;9
316;0;0;-1;9
189;0;0;1;9
299;0;0;-1;9
234;0;0;1;9
520;0;0;-1;9
94;0;0;1;9
246;0;0;1;9
515;0;0;-1;9
130;0;0;1;9
5;0;0;1;9
262;0;0;1;9
386;0;0;-1;9
32;0;0;1;9
213;0;0;1;9
102;0;0;1;9
503;0;0;-1;9
45;0;0;1;9
68;0;0;1;9
300;0;0;-1;9
195;0;0;1;9
113;0;0;1;9
283;0;0;-1;9
67;0;0;1;9
432;0;0;-1;9
242;0;0;1;9
320;0;0;-1;9
323;0;0;-1;9
91;0;0;1;9
313;0;0;-1;9
307;0;0;-1;9
356;0;0;-1;9
230;0;0;1;9
253;0;0;1;9
464;0;0;-1;9
264;0;0;1;9
16;0;0;1;9
397;0;0;-1;9
501;0;0;-1;9
326;0;0;-1;9
40;0;0;1;9
546;0;0;-1;9
466;0;0;-1;9
490;0;0;-1;9
447;0;0;-1;9
322;0;0;-1;9
292;0;0;-1;9
69;0;0;1;9
148;0;0;1;9
133;0;0;1;9
282;0;0;-1;9
251;0;0;1;9
443;0;0;-1;9
217;0;0;1;9
186;0;0;1;9
43;0;0;1;9
349;0;0;-1;9
360;0;0;-1;9
119;0;0;1;9
420;0;0;-1;9
157;0;0;1;9
144;0;0;1;10
479;0;0;-1;10
455;0;0;-1;10
17;0;0;1;10
379;0;0;-1;10
63;0;0;1;10
170;0;0;1;10
137;0;0;1;10
134;0;0;1;10
171;0;0;1;10
340;0;0;-1;10
402;0;0;-1;10
363;0;0;-1;10
333;0;0;-1;10
143;0;0;1;10
518;0;0;-1;10
59;0;0;1;10
521;0;0;-1;10
240;0;0;1;10
537;0;0;-1;10
261;0;0;1;10
112;0;0;1;10
476;0;0;-1;10
373;0;0;-1;10
190;0;0;1;10
104;0;0;1;10
149;0;0;1;10
13;0;0;1;10
70;0;0;1;10
81;0;0;1;10
494;0;0;-1;10
183;0;0;1;10
421;0;0;-1;10
304;0;0;-1;10
526;0;0;-1;10
508;0;0;-1;10
30;0;0;1;10
372;0;0;-1;10
442;0;0;-1;10
404;0;0;-1;10
345;0;0;-1;10
415;0;0;-1;10
275;0;0;-1;10
273;0;0;1;10
188;0;0;1;10
271;0;0;1;10
24;0;0;1;10
484;0;0;-1;10
48;0;0;1;10
235;0;0;1;10
481;0;0;-1;10
245;0;0;1;10
87;0;0;1;10
324;0;0;-1;10
125;0;0;1;10
126;0;0;1;10
54;0;0;1;10
342;0;0;-1;10
247;0;0;1;10
472;0;0;-1;10
206;0;0;1;10
18;0;0;1;10
396;0;0;-1;10
219;0;0;1;10
371;0;0;-1;10
140;0;0;1;10
401;0;0;-1;10
384;0;0;-1;10
289;0;0;-1;10
191;0;0;1;10
182;0;0;1;10
20;0;0;1;10
12;0;0;1;10
109;0;0;1;10
458;0;0;-1;10
209;0;0;1;10
353;0;0;-1;10
263;0;0;1;10
220;0;0;1;10
118;0;0;1;10
462;0;0;-1;10
57;0;0;1;10
22;0;0;1;10
270;0;0;1;10
131;0;0;1;10
124;0;0;1;10
64;0;0;1;10
153;0;0;1;10
422;0;0;-1;10
496;0;0;-1;10
348;0;0;-1;10
280;0;0;-1;10
238;0;0;1;10
84;0;0;1;10
50;0;0;1;10
328;0;0;-1;10
339;0;0;-1;10
446;0;0;-1;10
321;0;0;-1;10
297;0;0;-1;10
499;0;0;-1;10
158;0;0;1;10
83;0;0;1;10
290;0;0;-1;10
36;0;0;1;10
336;0;0;-1;10
163;0;0;1;10
227;0;0;1;10
527;0;0;-1;10
160;0;0;1;10
237;0;0;1;10
367;0;0;-1;10
514;0;0;-1;10
378;0;0;-1;10
129;0;0;1;10
534;0;0;-1;10
393;0;0;-1;10
390;0;0;-1;10
72;0;0;1;10
434;0;0;-1;10
166;0;0;1;10
391;0;0;-1;10
451;0;0;-1;10
156;0;0;1;10
370;0;0;-1;10
250;0;0;1;10
120;0;0;1;10
75;0;0;1;10
98;0;0;1;10
335;0;0;-1;10
522;0;0;-1;10
519;0;0;-1;10
330;0;0;-1;10
351;0;0;-1;10
473;0;0;-1;10
287;0;0;-1;10
147;0;0;1;11
23;0;0;1;11
138;0;0;1;11
26;0;0;1;11
544;0;0;-1;11
380;0;0;-1;11
210;0;0;1;11
241;0;0;1;11
317;0;0;-1;11
184;0;0;1;11
524;0;0;-1;11
164;0;0;1;11
199;0;0;1;11
95;0;0;1;11
88;0;0;1;11
281;0;0;-1;11
103;0;0;1;11
200;0;0;1;11
319;0;0;-1;11
277;0;0;-1;11
172;0;0;1;11
49;0;0;1;11
135;0;0;1;11
387;0;0;-1;11
278;0;0;-1;11
121;0;0;1;11
495;0;0;-1;11
92;0;0;1;11
221;0;0;1;11
286;0;0;-1;11
226;0;0;1;11
85;0;0;1;11
475;0;0;-1;11
318;0;0;-1;11
542;0;0;-1;11
27;0;0;1;11
545;0;0;-1;11
196;0;0;1;11
516;0;0;-1;11
468;0;0;-1;11
493;0;0;-1;11
482;0;0;-1;11
294;0;0;-1;11
99;0;0;1;11
192;0;0;1;11
66;0;0;1;11
11;0;0;1;11
107;0;0;1;11
180;0;0;1;11
108;0;0;1;11
52;0;0;1;11
471;0;0;-1;11
418;0;0;-1;11
423;0;0;-1;11
127;0;0;1;11
76;0;0;1;11
474;0;0;-1;11
488;0;0;-1;11
440;0;0;-1;11
454;0;0;-1;11
358;0;0;-1;11
9;0;0;1;11
279;0;0;-1;11
175;0;0;1;11
478;0;0;-1;11
344;0;0;-1;11
150;0;0;1;11
513;0;0;-1;11
236;0;0;1;11
243;0;0;1;11
441;0;0;-1;11
39;0;0;1;11
60;0;0;1;11
265;0;0;1;11
547;0;0;-1;11
169;0;0;1;11
329;0;0;-1;11
254;0;0;1;11
533;0;0;-1;11
35;0;0;1;11
15;0;0;1;11
187;0;0;1;11
437;0;0;-1;11
224;0;0;1;11
14;0;0;1;11
34;0;0;1;11
96;0;0;1;11
61;0;0;1;11
173;0;0;1;11
398;0;0;-1;11
25;0;0;1;11
383;0;0;-1;11
376;0;0;-1;11
44;0;0;1;11
536;0;0;-1;11
506;0;0;-1;11
115;0;0;1;11
315;0;0;-1;11
259;0;0;1;11
269;0;0;1;11
47;0;0;1;11
429;0;0;-1;11
368;0;0;-1;11
272;0;0;1;11
487;0;0;-1;11
366;0;0;-1;11
347;0;0;-1;11
374;0;0;-1;11
365;0;0;-1;11
106;0;0;1;11
424;0;0;-1;11
274;0;0;1;11
293;0;0;-1;11
225;0;0;1;11
425;0;0;-1;11
179;0;0;1;11
308;0;0;-1;11
256;0;0;1;11
428;0;0;-1;11
543;0;0;-1;11
369;0;0;-1;11
327;0;0;-1;11
97;0;0;1;11
325;0;0;-1;11
332;0;0;-1;11
31;0;0;1;11
331;0;0;-1;11
215;0;0;1;11
450;0;0;-1;11
239;0;0;1;11
341;0;0;-1;11
406;0;0;-1;11
364;0;0;-1;11
33;0;0;1;11
359;0;0;-1;11
197;0;0;1;11
178;0;0;1;11
400;0;0;-1;11
208;0;0;1;11
525;0;0;-1;11
405;0;0;-1;11
296;0;0;-1;11
