1281;0;2;0
32;0;0;0
295;0;7;0
754;0;6;0
1546;0;8;0
363;1;7;0
1478;0;4;0
1762;0;4;0
1544;0;1;0
92;0;5;0
1050;1;4;0
310;0;1;0
1760;0;0;0
1219;0;1;0
622;0;9;0
31;0;1;0
666;0;5;0
469;0;0;0
1884;0;6;0
1477;0;1;0
21;0;0;0
85;0;0;0
1086;0;1;0
1837;0;7;0
1948;0;4;0
57;0;0;0
1657;0;2;0
1084;0;3;0
169;0;7;0
1913;0;0;0
1267;0;6;0
964;1;1;0
1873;0;4;0
1966;0;6;0
176;0;0;0
2005;0;6;0
121;0;6;0
722;0;6;0
236;0;0;0
886;0;4;0
271;0;2;0
836;0;4;0
1368;0;6;0
1750;0;8;0
1357;0;9;0
1709;0;1;0
1818;1;9;0
1751;0;6;0
487;0;3;0
1979;0;8;0
1745;0;6;0
1153;0;1;0
1101;0;7;0
1894;0;2;0
1469;0;4;0
1553;0;7;0
20;0;1;0
434;0;3;0
1082;1;7;0
1315;0;9;0
486;0;2;0
1864;0;7;0
1689;0;9;0
483;0;6;0
1601;0;3;0
1903;0;0;0
1598;0;3;0
1199;0;6;0
627;0;2;0
40;0;6;0
1390;0;9;0
786;1;1;0
568;0;2;0
238;0;7;0
664;0;3;0
489;0;4;0
1929;0;8;0
1746;0;0;0
724;1;4;0
1995;0;0;0
96;0;5;0
239;0;7;0
1735;0;1;0
713;0;0;0
403;0;0;0
852;0;4;0
206;0;5;0
1536;0;3;0
296;0;4;0
862;0;2;0
678;0;4;0
143;0;0;0
1514;1;1;0
1280;0;4;0
565;1;7;0
953;0;4;0
1861;0;3;0
1260;0;1;0
1822;0;0;0
1043;0;9;0
1406;0;0;0
585;0;3;0
1627;1;7;0
1092;0;0;0
881;0;0;0
297;0;8;0
1059;0;0;0
1542;0;0;0
661;0;3;0
1617;0;1;0
1835;0;8;0
325;0;8;0
593;0;5;0
1300;0;0;0
1308;0;7;0
1768;0;0;0
1416;1;1;0
1596;0;5;0
1330;0;2;0
1579;0;6;0
390;0;1;0
1897;0;4;0
1785;0;8;0
948;0;7;0
699;0;3;0
624;0;3;0
26;0;8;0
903;1;8;0
560;0;8;0
252;0;0;0
1987;1;7;0
909;0;0;0
774;0;5;0
946;0;8;0
935;0;0;0
153;0;8;0
126;0;7;0
1862;0;4;0
1537;0;1;0
1443;0;0;0
80;0;4;0
1652;0;0;0
1185;0;9;0
58;0;2;0
902;0;5;0
743;1;1;0
1927;0;1;0
1181;0;8;0
245;0;5;0
1071;0;7;0
447;0;5;0
255;0;6;0
1560;0;1;0
721;0;4;0
1170;0;4;0
767;0;5;0
1335;0;9;0
720;1;1;0
1399;0;4;0
1132;0;0;0
1902;0;2;0
1196;0;0;0
237;0;6;0
375;0;2;0
188;0;0;0
1956;0;9;0
1954;0;2;0
1612;0;0;0
1890;0;5;0
1343;0;2;0
443;0;6;0
1140;0;9;0
250;0;0;0
1731;0;9;0
47;0;2;0
1324;0;0;0
1334;0;0;0
1033;0;0;0
1613;0;5;0
1823;0;7;0
621;0;3;0
133;0;1;0
1905;0;4;0
1286;1;1;0
1992;0;3;0
285;0;2;0
864;0;1;0
962;0;7;0
345;1;1;0
1204;0;8;0
1446;0;0;0
1970;0;7;0
1882;0;1;0
491;0;9;0
1438;1;9;0
1493;0;0;0
831;0;1;0
1274;1;4;0
662;0;4;0
872;0;9;0
728;1;1;0
1610;0;1;0
1386;0;0;0
675;0;2;0
89;0;9;0
1693;0;2;0
221;0;0;0
748;0;7;0
468;0;4;0
1464;0;6;0
275;0;0;0
1679;0;0;0
1160;0;7;0
794;0;0;0
1607;0;2;0
1706;0;8;0
1836;1;1;0
500;0;0;0
1952;1;1;0
146;1;1;0
1799;0;6;0
1566;0;5;0
427;0;2;0
459;0;1;0
455;0;7;0
251;0;0;0
1919;0;4;0
1068;0;1;0
1358;0;4;0
1175;0;7;0
1576;0;0;0
770;0;0;0
963;0;1;0
1322;0;0;0
1937;0;1;0
377;0;3;0
760;0;7;0
470;0;4;0
818;0;9;0
947;0;2;0
1131;0;1;0
1228;0;6;0
416;0;6;0
485;0;3;0
564;1;7;0
1941;0;8;0
973;0;4;0
536;0;4;0
1637;0;3;0
1179;0;5;0
499;0;4;0
823;0;9;0
1423;0;6;0
510;0;9;0
589;0;3;0
36;0;1;0
1466;0;6;0
1363;0;0;0
454;0;2;0
630;0;1;0
1968;0;3;0
906;0;1;0
1936;0;0;0
1097;0;6;0
950;0;2;0
1917;0;6;0
1982;0;8;0
1765;1;9;0
540;0;4;0
1776;0;8;0
1499;0;8;0
776;1;1;0
1453;0;5;0
1398;0;3;0
601;0;3;0
284;0;4;0
1933;0;0;0
548;0;2;0
1102;0;1;0
871;0;0;0
856;0;4;0
1110;0;7;0
1821;1;1;0
1041;0;0;0
1341;0;7;0
182;0;9;0
1156;0;3;0
1405;0;5;0
440;0;1;0
1665;1;1;0
726;0;4;0
1058;0;8;0
1057;0;9;0
449;1;7;0
1958;0;4;0
302;0;1;0
518;0;0;0
219;0;2;0
1622;0;4;0
874;0;9;0
1899;0;7;0
339;0;0;0
820;0;5;0
496;0;3;0
1247;1;7;0
711;0;7;0
386;0;4;0
1276;0;0;0
708;0;9;0
1715;1;7;0
5;0;0;0
989;0;6;0
1786;0;3;0
513;0;3;0
866;0;8;0
921;0;0;0
1421;0;0;0
1947;0;7;0
2000;0;7;0
317;0;0;0
562;0;1;0
1013;0;3;0
1682;0;2;0
313;0;7;0
703;0;7;0
609;0;4;0
580;0;0;0
353;0;5;0
535;0;9;0
1212;0;4;0
224;0;0;0
1375;0;8;0
97;0;6;0
524;0;3;0
870;0;8;0
2006;0;6;0
1572;0;0;0
701;1;7;0
1642;0;7;0
220;0;9;0
410;0;1;0
233;0;0;0
956;0;0;0
1504;0;1;0
783;0;9;0
372;0;6;0
1945;0;7;0
1305;0;3;0
550;0;0;0
1608;1;9;0
1488;0;5;0
1752;0;4;0
82;0;8;0
1831;0;2;0
904;0;5;0
1531;0;0;0
1802;0;3;0
1516;0;2;0
202;0;0;0
942;0;1;0
966;0;9;0
1487;0;3;0
1025;0;8;0
1432;0;2;0
1489;0;4;0
991;0;8;0
64;0;4;0
119;0;8;0
1201;0;8;0
1372;0;7;0
997;0;6;0
1293;0;9;0
1551;0;7;0
1239;0;6;0
1949;1;7;0
1118;0;6;0
1366;0;5;0
1062;0;1;0
677;0;4;0
1988;0;0;0
837;0;6;0
694;0;1;0
1338;0;3;0
223;0;3;0
1061;0;7;0
1724;0;2;0
1144;0;2;0
1342;0;0;0
144;0;8;0
1134;0;3;0
1710;0;2;0
1350;0;4;0
1904;0;9;0
1628;0;2;0
1990;0;0;0
75;0;9;0
895;0;4;0
315;0;8;0
834;0;4;0
243;0;9;0
1250;0;4;0
1618;0;8;0
576;0;3;0
1977;0;3;0
191;0;3;0
693;0;9;0
542;0;2;0
1570;0;6;0
639;0;2;0
911;0;2;0
863;0;9;0
234;0;0;0
241;0;0;0
1044;0;5;0
506;0;5;0
154;1;1;0
1298;1;8;0
380;0;0;0
712;0;1;0
1664;0;0;0
860;0;0;0
1694;0;0;0
164;0;9;0
1233;1;8;0
954;0;4;0
933;1;1;0
342;0;5;0
1951;0;4;0
456;0;2;0
288;0;6;0
1463;0;4;0
1672;0;1;0
546;0;0;0
1669;0;1;0
765;0;3;0
1391;0;9;0
278;0;1;0
641;0;7;0
1150;0;9;0
2003;1;9;0
137;0;9;0
201;0;0;0
429;0;6;0
695;0;8;0
464;0;3;0
899;0;4;0
1205;0;1;0
1651;0;5;0
688;0;4;0
992;0;5;0
1774;1;1;0
1575;0;9;0
1048;0;5;0
1270;0;9;0
1771;0;1;0
1885;0;5;0
1538;0;9;0
1558;0;8;0
158;0;1;0
636;0;7;0
482;0;0;0
53;0;3;0
1222;0;9;0
269;0;0;0
1923;0;5;0
1173;0;2;0
60;0;3;0
887;0;8;0
311;0;7;0
258;0;8;0
1476;0;0;0
665;0;7;0
916;0;8;0
1480;0;7;0
1401;0;0;0
1080;0;4;0
1395;0;1;0
844;0;9;0
473;0;6;0
1209;0;2;0
931;0;4;0
1740;0;0;0
1912;0;9;0
618;0;9;0
65;0;2;0
1148;0;5;0
1534;0;0;0
382;0;0;0
752;0;2;0
1105;0;6;0
28;0;1;0
184;0;2;0
1035;0;1;0
1787;0;7;0
145;0;3;0
1087;0;2;0
771;0;9;0
350;0;6;0
1425;4;4;1
262;4;1;1
437;4;6;1
1844;4;9;1
1561;4;3;1
348;4;5;1
270;3;5;1
466;4;9;1
575;3;6;1
1967;4;3;1
1503;4;1;1
582;4;4;1
1684;4;2;1
631;4;3;1
462;4;7;1
607;4;2;1
835;4;1;1
1498;4;9;1
1784;4;7;1
943;3;0;1
1846;4;4;1
1430;4;6;1
816;4;1;1
716;4;0;1
1258;3;3;1
1535;4;8;1
1896;4;1;1
1211;4;1;1
1376;4;4;1
7;3;2;1
643;4;8;1
502;4;7;1
1815;4;6;1
312;4;1;1
1467;4;6;1
1725;4;7;1
1094;4;5;1
430;4;1;1
272;4;1;1
1880;4;4;1
985;4;1;1
676;3;3;1
1716;4;1;1
1801;4;7;1
1254;4;7;1
304;3;2;1
1256;4;3;1
1690;3;5;1
1020;4;8;1
1583;4;0;1
432;4;3;1
1782;3;2;1
1381;4;4;1
600;4;5;1
1106;3;4;1
1435;4;0;1
171;4;5;1
1392;4;4;1
1065;4;7;1
1854;4;8;1
1647;4;8;1
932;4;0;1
1804;3;7;1
1734;4;3;1
214;3;0;1
1003;3;2;1
1141;4;9;1
72;3;4;1
1240;4;6;1
1006;4;8;1
1959;3;5;1
654;4;3;1
30;4;8;1
545;4;2;1
402;4;1;1
619;4;2;1
1630;4;8;1
737;4;1;1
1282;3;0;1
122;4;0;1
1269;4;9;1
686;3;5;1
559;3;0;1
111;4;2;1
394;4;4;1
1775;3;6;1
338;4;7;1
1911;4;5;1
586;4;8;1
1881;3;5;1
1;3;0;1
1174;4;4;1
1685;3;3;1
1063;4;2;1
1736;4;9;1
509;4;9;1
1108;4;9;1
452;4;5;1
444;3;0;1
584;4;3;1
77;4;1;1
1707;4;4;1
1578;3;6;1
1587;4;8;1
1475;4;7;1
552;3;0;1
1348;4;7;1
1380;4;6;1
730;4;8;1
1781;4;3;1
1266;3;3;1
937;4;9;1
1292;4;7;1
1901;4;4;1
1827;3;6;1
1226;3;3;1
905;4;1;1
1840;4;2;1
240;3;0;1
642;4;4;1
1022;4;5;1
357;4;7;1
1978;3;2;1
861;4;2;1
192;4;0;1
1914;4;3;1
1411;4;1;1
417;4;6;1
1996;4;3;1
16;4;4;1
1586;4;9;1
1769;4;9;1
797;3;8;1
1056;4;2;1
1415;4;0;1
591;3;2;1
1571;4;4;1
1875;4;9;1
19;4;1;1
343;3;6;1
1838;3;0;1
1121;3;2;1
830;4;8;1
1810;4;4;1
1231;4;3;1
393;3;2;1
25;4;0;1
1434;4;1;1
1565;4;8;1
1221;4;1;1
494;4;8;1
398;4;7;1
460;4;1;1
83;3;0;1
1055;4;2;1
1832;4;7;1
225;4;1;1
667;4;8;1
1040;4;8;1
479;4;6;1
291;3;0;1
1177;3;0;1
1825;4;7;1
755;4;1;1
1874;4;6;1
1109;4;1;1
541;4;8;1
1470;3;0;1
212;4;1;1
685;4;5;1
205;4;7;1
203;3;0;1
1323;4;3;1
1264;3;0;1
1098;4;9;1
1029;4;8;1
84;3;4;1
73;4;5;1
1486;4;7;1
15;4;7;1
1621;4;1;1
659;4;7;1
1858;4;4;1
1568;3;0;1
179;4;5;1
1152;4;2;1
1733;3;6;1
577;4;6;1
112;4;2;1
474;4;4;1
1354;4;1;1
1626;3;0;1
521;4;1;1
751;4;4;1
383;4;3;1
746;4;4;1
1624;3;0;1
1377;4;3;1
1611;4;1;1
1138;4;1;1
1018;4;3;1
1091;4;4;1
1229;4;8;1
965;4;4;1
93;4;6;1
1427;4;4;1
247;4;7;1
1520;4;4;1
1817;4;2;1
156;3;0;1
306;3;2;1
849;4;8;1
598;4;6;1
45;4;1;1
106;4;8;1
1433;4;1;1
8;4;1;1
1567;4;1;1
1119;4;9;1
1397;4;9;1
1747;4;8;1
1457;4;3;1
400;4;0;1
49;3;2;1
592;4;8;1
1190;4;1;1
130;3;0;1
549;4;6;1
1198;4;1;1
629;4;2;1
1842;4;1;1
1009;4;6;1
867;4;3;1
896;4;7;1
1938;4;1;1
1394;4;4;1
1284;4;6;1
652;4;7;1
1600;4;7;1
1246;4;1;1
1261;4;8;1
800;4;9;1
43;3;3;1
682;4;9;1
814;3;0;1
569;4;1;1
1123;3;0;1
503;3;0;1
594;4;0;1
634;4;3;1
1798;4;1;1
1067;4;8;1
120;4;7;1
396;4;7;1
55;4;7;1
527;3;2;1
477;4;5;1
626;3;3;1
1895;4;7;1
803;4;6;1
204;4;0;1
578;4;1;1
1482;4;5;1
227;4;1;1
1002;4;8;1
612;4;6;1
515;4;8;1
1273;4;7;1
1681;3;0;1
1225;4;8;1
216;4;7;1
1402;4;1;1
1420;4;0;1
406;3;0;1
779;4;0;1
1049;4;2;1
1737;4;3;1
1081;4;7;1
1189;4;4;1
1302;4;4;1
332;4;3;1
2;3;0;1
689;3;4;1
368;4;9;1
1653;4;8;1
1036;4;1;1
1876;4;6;1
841;3;6;1
1523;3;0;1
1359;4;1;1
1028;4;2;1
1034;3;2;1
761;4;4;1
56;4;0;1
1645;4;2;1
845;3;5;1
1481;4;4;1
1887;3;0;1
128;4;2;1
1279;4;2;1
1172;4;9;1
1494;3;6;1
307;4;9;1
1039;4;3;1
110;4;8;1
1353;4;2;1
116;4;3;1
6;4;4;1
1107;4;3;1
891;4;6;1
1268;3;0;1
1327;4;1;1
723;4;9;1
100;4;3;1
1738;4;4;1
625;3;0;1
1763;4;2;1
1345;4;7;1
1090;4;0;1
1351;3;6;1
1288;4;3;1
1646;4;6;1
266;4;9;1
1005;4;3;1
1291;4;8;1
200;4;9;1
1773;3;5;1
1336;4;6;1
1459;4;2;1
1805;4;4;1
29;4;7;1
1720;4;8;1
1045;3;2;1
71;4;8;1
926;4;9;1
1981;4;7;1
471;4;4;1
1289;4;3;1
1445;4;7;1
1093;4;3;1
102;4;1;1
986;3;0;1
194;3;6;1
151;4;9;1
1549;4;1;1
1788;3;0;1
938;4;1;1
1793;4;3;1
349;4;1;1
1409;3;2;1
1234;4;6;1
1429;4;2;1
369;4;1;1
193;3;0;1
1166;4;7;1
2001;4;1;1
555;4;4;1
1410;4;9;1
457;4;4;1
1877;4;4;1
107;3;5;1
1883;4;2;1
949;3;5;1
48;4;9;1
256;4;5;1
1347;4;2;1
826;4;5;1
1424;4;6;1
2002;4;1;1
387;4;3;1
538;4;9;1
917;4;6;1
35;4;1;1
1340;4;7;1
1168;4;1;1
756;4;3;1
335;4;0;1
207;4;8;1
11;4;8;1
1382;4;8;1
1412;4;8;1
495;4;5;1
1619;4;9;1
875;3;0;1
773;4;7;1
1251;4;1;1
1971;4;7;1
571;4;4;1
660;4;2;1
1843;4;3;1
855;3;0;1
1812;4;8;1
1975;4;4;1
1582;4;1;1
1149;3;6;1
187;4;9;1
1886;3;0;1
450;3;2;1
750;4;8;1
1428;4;7;1
113;4;3;1
738;4;6;1
1670;3;0;1
1367;4;9;1
1699;4;3;1
739;3;2;1
799;4;7;1
1869;3;0;1
231;4;7;1
438;3;2;1
848;4;8;1
1692;4;0;1
1224;4;6;1
684;3;6;1
1206;4;0;1
264;4;2;1
733;4;0;1
374;4;7;1
354;4;9;1
1599;4;4;1
1808;4;9;1
729;4;1;1
1474;4;4;1
1349;4;7;1
927;3;6;1
1365;4;5;1
670;4;1;1
1223;3;0;1
1962;3;0;1
1227;4;6;1
1352;4;0;1
1364;4;4;1
101;3;2;1
196;3;8;1
807;4;3;1
123;4;9;1
717;4;8;1
198;4;1;1
1187;3;0;1
531;3;0;1
436;4;4;1
1099;3;0;1
1069;3;2;1
1727;4;4;1
1739;4;2;1
1994;4;2;1
1073;4;9;1
1704;4;1;1
815;3;4;1
1779;4;4;1
244;3;2;1
1641;4;2;1
613;4;1;1
732;4;8;1
929;4;2;1
700;4;5;1
617;4;8;1
1833;4;4;1
669;3;0;1
649;3;0;1
975;4;8;1
1533;4;2;1
185;4;3;1
1676;3;2;1
1632;4;7;1
1244;3;0;1
725;4;4;1
293;4;7;1
706;4;1;1
1678;4;7;1
1519;3;0;1
1644;4;6;1
590;4;0;1
1011;4;4;1
741;3;5;1
784;3;0;1
1573;3;2;1
461;3;6;1
33;4;7;1
1310;4;1;1
1797;3;2;1
327;4;7;1
994;4;0;1
1878;3;5;1
581;3;0;1
1195;4;6;1
978;4;9;1
326;4;6;1
435;4;1;1
821;3;2;1
1663;4;9;1
308;4;8;1
517;3;0;1
1374;4;3;1
1287;4;7;1
1879;4;2;1
1915;4;9;1
829;4;8;1
492;4;1;2
1871;4;1;2
979;3;0;2
465;4;1;2
42;4;1;2
596;4;1;2
846;3;0;2
1197;4;1;2
263;4;5;2
411;3;2;2
1851;4;7;2
1667;3;0;2
287;4;1;2
998;4;6;2
1860;4;3;2
1407;4;1;2
360;4;9;2
1511;4;3;2
1113;4;8;2
1210;4;4;2
1643;4;8;2
351;4;1;2
893;4;6;2
129;4;1;2
1961;3;3;2
1183;4;2;2
104;4;2;2
854;4;1;2
1814;3;0;2
1437;4;0;2
1849;4;8;2
719;4;0;2
1522;4;4;2
211;3;2;2
1200;4;1;2
1491;4;7;2
1512;4;1;2
51;4;5;2
785;4;5;2
323;3;4;2
980;4;1;2
27;4;9;2
420;3;0;2
1272;4;6;2
715;4;2;2
944;4;9;2
704;4;2;2
1232;3;6;2
1809;4;6;2
1127;4;9;2
793;4;9;2
1841;4;4;2
441;4;6;2
344;3;0;2
149;4;3;2
1517;4;2;2
1355;4;5;2
1295;4;1;2
801;4;9;2
433;3;0;2
1012;3;0;2
117;4;3;2
1296;4;8;2
1001;4;9;2
318;4;4;2
1115;4;3;2
70;4;3;2
1557;3;6;2
1456;4;4;2
1991;4;6;2
1614;4;4;2
1241;4;1;2
1973;4;6;2
563;4;6;2
1891;4;1;2
1726;4;4;2
1850;4;6;2
52;3;0;2
1556;4;3;2
959;4;4;2
1687;4;3;2
672;4;1;2
268;4;9;2
319;3;2;2
977;3;2;2
745;4;1;2
822;3;0;2
414;4;6;2
170;4;5;2
157;3;6;2
347;4;4;2
210;4;9;2
781;4;8;2
331;4;8;2
1317;4;1;2
851;4;1;2
1262;4;9;2
12;4;9;2
640;4;1;2
1783;3;0;2
525;3;6;2
79;4;3;2
1426;4;3;2
1509;4;6;2
940;4;2;2
1165;4;7;2
1606;4;6;2
1314;4;5;2
1703;4;5;2
825;4;8;2
1721;3;2;2
763;4;5;2
138;3;5;2
1316;4;7;2
1404;4;8;2
1207;4;9;2
671;3;6;2
44;4;5;2
788;4;9;2
900;3;0;2
919;4;8;2
972;4;4;2
1640;4;2;2
533;4;2;2
1900;4;7;2
1075;4;1;2
1129;4;2;2
481;4;0;2
880;3;0;2
419;4;3;2
1515;3;0;2
923;4;3;2
261;4;3;2
996;3;5;2
1761;3;2;2
1125;4;7;2
1454;4;1;2
827;4;6;2
1702;4;4;2
1852;4;5;2
1807;3;0;2
646;3;0;2
1743;4;1;2
1076;4;5;2
1461;4;9;2
1976;4;2;2
1695;4;6;2
1202;4;7;2
1965;4;3;2
1436;4;0;2
94;4;6;2
1754;4;7;2
1396;4;2;2
1742;3;6;2
516;4;7;2
132;4;2;2
1983;4;7;2
88;4;3;2
1038;4;1;2
635;3;0;2
1249;3;0;2
912;3;6;2
1564;4;5;2
1950;4;7;2
413;4;6;2
608;4;7;2
1506;3;0;2
1732;4;9;2
1458;4;0;2
1547;4;7;2
1796;4;2;2
66;4;9;2
1830;4;2;2
857;4;8;2
1593;4;9;2
1856;4;8;2
1744;4;1;2
1032;3;0;2
930;3;0;2
1468;4;7;2
324;3;2;2
610;4;1;2
1639;4;1;2
260;3;5;2
1662;4;3;2
1319;3;3;2
1163;4;2;2
791;4;9;2
1855;4;3;2
747;4;3;2
1331;3;0;2
655;4;1;2
1460;3;2;2
882;4;5;2
392;3;2;2
952;3;0;2
1290;4;1;2
778;3;0;2
1872;4;2;2
1594;4;1;2
1095;4;3;2
139;4;8;2
1389;4;1;2
242;4;1;2
710;3;0;2
1766;4;0;2
140;4;1;2
1908;4;6;2
277;3;0;2
768;4;4;2
1705;3;0;2
970;4;1;2
1543;4;8;2
1748;4;8;2
1501;4;9;2
99;3;0;2
59;4;8;2
1934;4;5;2
1932;3;0;2
341;4;4;2
658;4;3;2
606;4;8;2
178;4;3;2
1548;4;1;2
790;3;5;2
1972;4;9;2
1303;4;2;2
1361;4;6;2
168;3;0;2
1867;3;0;2
18;4;5;2
249;4;5;2
957;4;9;2
1569;4;3;2
320;4;3;2
136;4;8;2
321;4;0;2
602;3;0;2
679;3;0;2
1755;4;6;2
1116;4;0;2
1502;3;6;2
1283;3;0;2
355;4;2;2
824;3;2;2
914;4;7;2
877;4;9;2
795;4;9;2
832;4;3;2
463;4;0;2
1440;4;6;2
1388;4;8;2
553;3;0;2
1928;3;0;2
2004;3;6;2
1603;4;4;2
637;4;9;2
1169;4;4;2
1819;3;6;2
1688;4;1;2
595;3;0;2
445;4;8;2
1252;3;6;2
1524;4;5;2
1909;4;2;2
1794;3;2;2
587;4;9;2
1686;3;0;2
1161;3;6;2
1418;4;3;2
1770;4;2;2
1203;4;6;2
928;4;4;2
1615;4;1;2
1216;4;5;2
439;4;1;2
87;4;4;2
718;3;0;2
356;4;7;2
173;4;0;2
412;4;9;2
1778;4;1;2
359;4;1;2
1649;4;6;2
1139;4;4;2
775;4;0;2
1313;4;9;2
1329;3;0;2
399;3;0;2
1383;4;5;2
812;3;0;2
806;4;5;2
1791;4;1;2
951;4;9;2
1631;4;3;2
490;4;1;2
1602;4;1;2
918;4;8;2
1356;4;9;2
9;3;0;2
1444;4;4;2
488;4;8;2
1088;4;9;2
1888;4;7;2
680;4;7;2
1019;3;0;2
753;3;2;2
901;4;9;2
1712;4;5;2
1362;4;3;2
1360;4;6;2
599;4;1;2
365;4;6;2
878;4;7;2
3;3;0;2
1829;3;0;2
504;4;2;2
1451;4;0;2
155;4;3;2
1698;4;8;2
958;4;1;2
1447;4;1;2
215;4;2;2
1526;4;4;2
766;3;2;2
358;3;0;2
734;4;4;2
1408;4;0;2
1847;3;2;2
1795;4;6;2
1312;3;3;2
1278;4;7;2
981;4;3;2
493;4;1;2
409;4;1;2
1151;4;3;2
1910;4;9;2
697;3;3;2
497;4;5;2
475;4;1;2
197;3;0;2
1500;4;3;2
1753;4;5;2
67;3;0;2
46;4;5;2
1924;4;6;2
1452;4;1;2
1111;4;1;2
1243;4;6;2
1379;4;8;2
1803;3;0;2
305;4;1;2
37;4;4;2
1450;3;0;2
1384;4;4;2
1403;3;5;2
1178;4;9;2
1014;4;6;2
907;4;1;2
924;4;8;2
1521;3;4;2
1162;4;8;2
24;3;0;2
1026;4;7;2
299;4;6;2
484;4;9;2
1921;4;8;2
424;4;1;2
1777;4;6;2
894;4;6;2
819;4;9;2
758;4;0;2
1242;4;7;2
519;4;2;2
537;4;8;2
1955;4;1;2
61;4;8;2
1128;4;9;2
1708;4;4;2
1946;3;0;2
1730;4;3;2
1650;4;1;2
1371;4;4;2
615;4;4;2
159;4;9;2
346;4;6;2
1863;4;6;2
1820;4;1;2
1089;4;5;2
467;4;2;2
1998;4;1;2
833;4;0;2
869;3;0;2
976;3;6;2
81;4;6;2
1193;4;4;2
614;4;4;2
514;4;1;2
1668;4;4;2
1104;4;2;2
1072;4;9;2
1070;4;1;2
1182;4;8;2
1306;4;6;2
1588;4;8;2
1301;4;0;2
638;3;0;2
735;4;6;2
391;4;3;2
1414;4;3;2
385;4;5;2
557;4;7;2
1984;3;5;2
160;4;3;2
1550;3;0;2
309;4;7;2
1717;4;9;2
76;4;5;2
892;4;1;2
727;4;4;2
1920;4;4;2
1157;4;4;2
528;4;9;2
769;4;4;2
873;4;9;2
448;4;1;2
1666;4;1;2
280;4;4;2
520;4;1;2
1465;4;2;2
1986;3;0;2
838;4;9;2
1400;4;7;2
647;4;6;2
195;4;3;2
1066;4;4;2
371;4;3;2
1581;4;6;2
150;4;5;2
1563;3;0;2
1661;3;2;2
1192;4;2;2
698;4;5;2
1585;4;8;2
566;4;6;2
696;3;0;2
597;3;0;2
955;4;9;2
183;4;7;2
378;4;3;2
611;4;5;2
330;4;1;2
603;4;3;2
1944;4;4;2
780;3;2;2
162;3;5;2
10;3;2;2
1605;4;4;2
526;4;5;2
442;4;7;2
1813;3;0;2
177;4;0;2
1683;4;7;2
1555;4;4;2
451;4;9;2
1898;4;5;2
1671;4;0;2
428;4;9;2
1539;4;3;2
1625;4;4;2
1318;4;8;2
246;4;2;2
1638;4;4;2
1800;4;6;2
817;4;9;2
772;4;1;2
971;3;0;2
1473;4;1;2
1294;3;0;2
702;3;5;2
478;4;8;2
731;4;9;2
68;4;1;2
189;4;1;2
1711;4;5;2
1143;4;9;2
1378;4;7;2
588;4;6;2
23;4;3;2
1597;4;7;2
657;4;3;2
1532;4;4;2
1591;4;3;2
858;4;1;2
1495;4;8;2
370;3;2;2
426;4;9;2
281;4;4;2
1417;4;3;3
744;3;0;3
14;4;9;3
1931;3;0;3
567;4;4;3
108;3;0;3
1186;4;7;3
165;4;1;3
796;4;4;3
38;3;0;3
147;4;1;3
982;4;8;3
633;4;5;3
254;4;7;3
805;4;3;3
259;4;8;3
1620;4;9;3
714;4;1;3
98;4;0;3
1528;4;3;3
1540;3;0;3
235;4;9;3
1079;4;8;3
329;4;6;3
1320;4;1;3
95;4;1;3
1969;4;4;3
1696;3;0;3
127;4;7;3
1505;4;4;3
1806;3;2;3
974;3;0;3
1756;4;3;3
1024;4;7;3
620;4;2;3
1085;4;9;3
1060;4;6;3
1655;4;7;3
118;4;5;3
1767;3;2;3
1419;3;0;3
532;3;0;3
648;4;5;3
124;4;9;3
257;3;0;3
1508;4;4;3
1120;4;7;3
683;4;8;3
199;4;4;3
1673;4;0;3
340;4;4;3
543;4;0;3
1074;4;8;3
1194;4;2;3
1259;3;2;3
1865;3;0;3
1889;4;1;3
1431;3;0;3
1592;4;8;3
1893;3;2;3
86;4;9;3
1772;3;2;3
961;4;8;3
1155;4;4;3
1083;4;0;3
868;4;1;3
782;4;3;3
1042;4;7;3
1974;4;3;3
1559;4;4;3
1215;3;0;3
1047;3;0;3
1369;4;6;3
458;4;5;3
22;4;2;3
759;4;4;3
843;3;3;3
226;3;6;3
480;4;0;3
1957;4;3;3
987;4;1;3
632;3;6;3
274;4;1;3
1031;3;0;3
1701;3;0;3
1248;3;2;3
1462;3;3;3
1507;4;1;3
1235;4;1;3
925;3;0;3
690;4;6;3
1245;4;2;3
1574;3;2;3
389;4;7;3
1659;4;4;3
1441;4;7;3
1052;3;4;3
1307;3;0;3
294;4;6;3
1046;4;3;3
736;3;4;3
604;4;4;3
1749;4;2;3
705;4;9;3
334;4;7;3
1719;4;9;3
749;4;8;3
1595;4;6;3
1114;4;5;3
1208;3;6;3
1789;4;4;3
364;3;0;3
529;3;0;3
1145;4;5;3
1940;4;8;3
336;4;8;3
1633;4;9;3
1321;4;2;3
405;3;2;3
939;4;9;3
1100;3;2;3
1479;4;3;3
1117;4;1;3
217;3;6;3
1943;3;0;3
1562;4;4;3
1230;4;3;3
181;3;0;3
888;4;2;3
605;3;3;3
865;4;8;3
1236;4;2;3
915;4;5;3
554;4;1;3
1490;4;1;3
1839;4;5;3
453;4;1;3
174;4;5;3
501;4;8;3
1484;4;4;3
265;4;7;3
34;3;3;3
1985;4;2;3
1584;4;3;3
1764;4;0;3
691;3;5;3
172;4;1;3
668;4;5;3
1326;4;9;3
1297;4;1;3
547;4;1;3
1845;4;9;3
945;4;7;3
842;4;1;3
1577;4;3;3
809;4;7;3
583;4;5;3
687;4;4;3
572;4;1;3
366;4;4;3
1147;4;3;3
850;4;7;3
105;4;0;3
316;4;1;3
230;4;4;3
692;4;7;3
1217;4;4;3
623;4;7;3
653;3;0;3
1870;4;2;3
1918;4;8;3
840;4;2;3
1027;4;7;3
1328;4;3;3
395;3;0;3
1021;4;1;3
1051;4;8;3
1325;4;2;3
1442;4;3;3
898;4;3;3
1530;4;1;3
1824;4;9;3
1497;3;0;3
1513;4;0;3
1636;4;4;3
415;4;9;3
534;4;2;3
1339;4;4;3
1016;4;7;3
968;4;8;3
1634;4;1;3
213;4;9;3
1922;4;1;3
884;4;5;3
1304;3;0;3
248;4;0;3
1728;4;5;3
229;4;7;3
804;4;1;3
1373;3;2;3
1238;4;3;3
1857;4;4;3
103;4;2;3
1122;3;4;3
1008;4;6;3
1158;4;8;3
1096;4;7;3
889;4;9;3
644;3;0;3
813;4;1;3
811;3;2;3
913;4;9;3
558;4;1;3
362;4;6;3
1963;4;3;3
1130;4;7;3
556;4;9;3
54;3;0;3
228;4;1;3
522;3;0;3
551;4;1;3
967;3;0;3
328;4;7;3
1510;4;4;3
276;4;1;3
180;4;9;3
1892;4;7;3
512;4;5;3
1332;4;8;3
1758;4;2;3
1333;4;2;3
1164;3;3;3
1010;3;0;3
1135;4;2;3
361;4;8;3
1053;4;7;3
1700;4;9;3
50;4;1;3
1054;4;6;3
651;4;4;3
1654;4;9;3
135;3;6;3
1237;4;3;3
1017;4;8;3
883;3;2;3
166;4;2;3
333;4;5;3
1492;3;2;3
1848;4;3;3
1337;3;0;3
1275;4;6;3
1926;4;5;3
1471;3;0;3
1660;4;7;3
934;4;2;3
995;4;7;3
1590;4;1;3
922;3;6;3
507;4;8;3
1188;3;5;3
579;4;1;3
1964;3;5;3
574;4;5;3
1159;4;2;3
1015;4;4;3
1133;4;8;3
141;4;1;3
1449;4;1;3
1541;4;5;3
762;4;6;3
1344;4;1;3
289;3;5;3
1554;4;8;3
115;3;0;3
1146;4;3;3
175;4;6;3
397;3;0;3
314;4;2;3
1176;4;7;3
742;4;9;3
401;4;2;3
1527;4;6;3
1629;4;3;3
1004;4;7;3
273;4;0;3
421;3;3;3
1656;4;3;3
1525;4;1;3
656;4;4;3
63;3;0;3
787;3;0;3
1136;4;2;3
789;3;5;3
984;3;2;3
1180;4;8;3
1277;4;1;3
142;4;4;3
1677;4;5;3
1448;4;1;3
1037;4;5;3
134;4;9;3
808;4;1;3
1309;3;0;3
969;3;0;3
282;3;0;3
404;4;1;3
1790;3;5;3
298;3;2;3
408;4;1;3
897;3;0;3
511;4;1;3
1616;4;6;3
381;4;7;3
707;3;6;3
1697;4;2;3
423;4;9;3
1529;3;2;3
1137;3;6;3
990;4;1;3
1811;3;6;3
303;4;2;3
539;4;8;3
367;4;4;3
208;3;2;3
472;4;9;3
650;4;6;3
1907;4;8;3
993;4;8;3
1718;4;1;3
1299;3;8;3
885;3;0;3
570;4;1;3
1496;4;7;3
300;4;0;3
544;3;6;3
1518;4;4;3
1370;4;1;3
920;4;9;3
1255;4;7;3
222;3;2;3
1213;4;3;3
1675;4;9;3
190;4;7;3
148;3;0;3
523;4;7;3
1385;4;7;3
376;4;8;3
1154;4;1;3
1285;3;0;3
1483;4;4;3
941;3;6;3
988;3;5;3
1859;4;7;3
13;4;9;3
810;3;0;3
1953;3;0;3
4;4;1;3
109;3;2;3
879;4;9;3
839;4;3;3
628;4;8;3
876;4;3;3
847;4;6;3
1257;4;3;3
1413;4;6;3
530;4;8;3
1422;3;0;3
152;4;3;3
1263;3;0;3
740;4;5;3
1623;4;7;3
1346;4;5;3
407;4;1;3
78;4;9;3
1142;3;0;3
1545;4;9;3
62;4;2;3
1455;3;0;3
1930;3;0;3
1191;4;0;3
681;4;7;3
1916;4;2;3
853;4;4;3
1993;4;7;3
1816;4;1;3
757;4;1;3
1648;3;0;3
1757;4;1;3
508;4;0;3
337;3;2;3
1997;3;0;3
764;4;6;3
41;4;9;3
960;4;9;3
301;3;0;3
1393;4;5;3
1826;4;9;3
446;4;4;3
253;4;7;3
802;4;1;3
1112;3;3;3
1253;4;3;3
983;3;4;3
431;4;3;3
1989;4;6;3
74;4;9;3
292;3;0;3
322;3;6;3
1604;3;0;3
709;4;4;3
1214;4;4;3
573;3;0;3
283;4;2;3
1674;4;5;3
1942;4;1;3
1980;3;5;3
674;4;1;3
1000;4;9;3
1792;2;0;3
1866;4;5;3
267;4;2;3
1691;3;0;3
1780;4;2;3
1723;3;0;3
645;4;2;3
1064;3;0;3
505;4;4;3
828;4;2;3
1485;4;3;3
167;4;7;3
1184;3;0;3
1741;3;0;3
1078;4;1;3
1265;4;8;3
418;4;7;3
286;3;0;3
384;4;4;3
0;3;0;3
1552;4;1;3
232;4;9;3
1007;4;8;3
1030;4;2;3
279;4;1;3
792;4;4;3
1939;4;9;3
352;3;0;3
1124;4;3;3
908;4;1;3
1868;4;8;3
69;4;5;3
1722;3;0;3
114;4;6;3
1635;3;0;3
1925;4;5;3
777;3;2;3
1658;3;0;3
1171;4;9;3
91;4;9;3
1935;4;7;3
373;4;4;3
290;4;2;3
17;4;9;3
163;4;6;3
218;3;0;3
1713;4;5;3
379;3;5;3
1077;4;8;3
1714;4;9;3
1126;4;1;3
1271;4;1;3
1759;3;2;3
999;4;1;3
1589;4;5;3
1609;4;8;3
561;3;3;3
798;3;0;3
859;3;6;3
161;4;2;3
1960;4;3;3
1906;4;1;3
1218;4;2;3
422;4;9;3
1167;4;1;3
1439;4;3;3
125;3;5;3
186;4;1;3
1999;3;0;3
616;4;1;3
425;4;9;3
1680;4;8;3
209;3;5;3
39;3;6;3
1103;4;9;3
890;4;2;3
1729;4;1;3
498;4;6;3
1472;4;7;3
673;4;4;3
1387;3;4;3
476;4;1;3
131;4;2;3
663;3;4;3
1828;4;4;3
388;4;3;3
1311;4;3;3
90;4;0;3
1580;4;8;3
1023;4;6;3
1834;3;0;3
1853;4;3;3
910;4;8;3
1220;4;0;3
936;4;8;3
259;5;8;4
759;7;4;4
1294;0;0;4
646;1;0;4
1791;1;1;4
1363;4;0;4
79;6;3;4
1548;1;1;4
387;6;3;4
1211;1;1;4
761;7;4;4
261;5;3;4
757;1;1;4
779;5;0;4
1656;5;3;4
747;4;3;4
682;7;9;4
735;5;6;4
671;4;6;4
1520;6;4;4
669;1;0;4
982;4;8;4
1087;3;2;4
1022;5;5;4
177;6;0;4
1357;7;9;4
384;6;4;4
1788;3;0;4
293;7;7;4
903;5;8;4
744;2;0;4
438;1;2;4
34;3;3;4
1755;4;6;4
338;6;7;4
1074;6;8;4
454;6;2;4
1660;7;7;4
1177;0;0;4
1830;6;2;4
1458;7;0;4
1077;5;8;4
1166;8;7;4
154;3;1;4
1312;3;3;4
20;1;1;4
19;2;1;4
311;7;7;4
1478;8;4;4
290;5;2;4
1932;1;0;4
1252;5;6;4
583;4;5;4
1629;5;3;4
1242;6;7;4
721;3;4;4
1380;6;6;4
339;1;0;4
161;3;2;4
1416;3;1;4
1473;2;1;4
1617;1;1;4
1506;2;0;4
906;2;1;4
1145;5;5;4
1527;4;6;4
566;5;6;4
1637;4;3;4
1865;3;0;4
1264;0;0;4
651;8;4;4
273;6;0;4
1027;7;7;4
1679;1;0;4
1594;2;1;4
89;7;9;4
1034;4;2;4
366;8;4;4
97;7;6;4
481;6;0;4
1162;4;8;4
959;6;4;4
1917;6;6;4
1619;5;9;4
1907;4;8;4
1412;4;8;4
1012;0;0;4
650;5;6;4
1721;3;2;4
1311;2;3;4
440;2;1;4
696;0;0;4
716;3;0;4
1877;5;4;4
1871;3;1;4
280;5;4;4
1114;3;5;4
1529;2;2;4
1994;3;2;4
1901;8;4;4
786;4;1;4
1009;6;6;4
103;4;2;4
57;1;0;4
451;7;9;4
381;7;7;4
63;4;0;4
1683;4;7;4
733;5;0;4
1165;8;7;4
896;6;7;4
700;5;5;4
470;7;4;4
1450;3;0;4
1545;7;9;4
1075;2;1;4
791;6;9;4
1726;6;4;4
1218;4;2;4
452;5;5;4
918;5;8;4
814;2;0;4
574;4;5;4
187;5;9;4
166;3;2;4
1992;6;3;4
804;1;1;4
1456;4;4;4
796;7;4;4
35;1;1;4
1435;7;0;4
1710;3;2;4
783;6;9;4
1903;-1;0;4
42;1;1;4
1712;4;5;4
1119;6;9;4
1887;1;0;4
1924;6;6;4
1827;2;6;4
1715;7;7;4
937;8;9;4
190;8;7;4
947;4;2;4
1362;3;3;4
746;5;4;4
1343;5;2;4
992;6;5;4
1620;7;9;4
693;7;9;4
1528;3;3;4
1468;7;7;4
107;3;5;4
342;1;5;4
715;5;2;4
122;5;0;4
369;2;1;4
826;4;5;4
952;0;0;4
520;1;1;4
1338;3;3;4
1301;6;0;4
1172;7;9;4
65;5;2;4
1742;4;6;4
1439;4;3;4
382;6;0;4
60;3;3;4
144;5;8;4
54;-1;0;4
1986;1;0;4
1004;5;7;4
1315;6;9;4
306;6;2;4
1812;6;8;4
496;6;3;4
860;4;0;4
181;4;0;4
631;4;3;4
1682;2;2;4
1676;2;2;4
1209;5;2;4
534;2;2;4
1795;6;6;4
1451;4;0;4
856;5;4;4
652;8;7;4
869;3;0;4
127;7;7;4
1993;8;7;4
132;6;2;4
490;1;1;4
1054;5;6;4
600;3;5;4
1702;8;4;4
865;6;8;4
4;2;1;4
1239;5;6;4
1733;2;6;4
843;3;3;4
641;7;7;4
264;6;2;4
1310;2;1;4
1073;9;9;4
1015;8;4;4
977;3;2;4
1842;2;1;4
194;3;6;4
282;2;0;4
1635;2;0;4
1139;7;4;4
660;3;2;4
645;6;2;4
1539;5;3;4
271;4;2;4
1143;8;9;4
1244;2;0;4
1549;1;1;4
1084;3;3;4
1988;-1;0;4
1;-1;0;4
914;5;7;4
1758;7;2;4
953;8;4;4
1134;3;3;4
1966;4;6;4
305;1;1;4
206;1;5;4
1470;3;0;4
975;4;8;4
1501;5;9;4
497;6;5;4
184;5;2;4
1760;3;0;4
672;1;1;4
155;4;3;4
441;6;6;4
1919;7;4;4
1510;4;4;4
474;4;4;4
362;5;6;4
1615;2;1;4
1228;2;6;4
399;2;0;4
789;2;5;4
1409;4;2;4
1289;4;3;4
1714;7;9;4
85;5;0;4
1521;2;4;4
1250;5;4;4
526;4;5;4
2001;2;1;4
507;5;8;4
429;3;6;4
245;6;5;4
1939;4;9;4
621;6;3;4
179;4;5;4
1538;8;9;4
1092;2;0;4
1121;4;2;4
729;1;1;4
395;2;0;4
1645;6;2;4
1649;6;6;4
1118;4;6;4
1109;2;1;4
1324;4;0;4
788;3;9;4
1404;4;8;4
1764;6;0;4
1152;5;2;4
1402;2;1;4
919;5;8;4
679;1;0;4
784;3;0;4
1803;3;0;4
1713;4;5;4
1265;7;8;4
1808;8;9;4
106;6;8;4
220;8;9;4
1563;-2;0;4
1613;3;5;4
1461;7;9;4
1396;2;2;4
1021;2;1;4
1554;5;8;4
606;6;8;4
1147;4;3;4
1184;1;0;4
1583;7;0;4
945;8;7;4
675;4;2;4
748;8;7;4
1157;7;4;4
1204;5;8;4
626;4;3;4
204;5;0;4
701;7;7;4
756;3;3;4
1978;5;2;4
224;-1;0;4
133;1;1;4
793;7;9;4
1737;5;3;4
1718;1;1;4
3;0;0;4
689;5;4;4
955;8;9;4
192;6;0;4
1156;3;3;4
1518;7;4;4
1928;2;0;4
216;7;7;4
1006;4;8;4
1072;7;9;4
1601;3;3;4
1543;3;8;4
341;7;4;4
262;2;1;4
1417;4;3;4
1115;4;3;4
1605;5;4;4
202;6;0;4
1142;3;0;4
1136;6;2;4
555;9;4;4
39;3;6;4
529;0;0;4
285;4;2;4
1441;7;7;4
1685;4;3;4
1318;5;8;4
163;6;6;4
1079;4;8;4
705;8;9;4
1797;2;2;4
1593;5;9;4
909;-1;0;4
1815;4;6;4
512;6;5;4
1869;3;0;4
634;4;3;4
1652;1;0;4
695;4;8;4
1333;6;2;4
1319;2;3;4
349;2;1;4
673;7;4;4
951;6;9;4
586;7;8;4
1457;5;3;4
1525;1;1;4
771;8;9;4
1476;1;0;4
824;1;2;4
256;5;5;4
1655;8;7;4
1990;2;0;4
515;6;8;4
1559;7;4;4
1019;-1;0;4
1278;7;7;4
827;3;6;4
787;0;0;4
1588;6;8;4
1724;5;2;4
1106;3;4;4
1428;5;7;4
214;4;0;4
1723;3;0;4
1353;3;2;4
102;2;1;4
208;4;2;4
1078;3;1;4
1884;6;6;4
980;2;1;4
1699;4;3;4
1923;5;5;4
500;1;0;4
593;5;5;4
1227;4;6;4
492;1;1;4
1600;6;7;4
1013;3;3;4
1962;0;0;4
74;6;9;4
1095;4;3;4
327;7;7;4
1088;7;9;4
1895;7;7;4
932;5;0;4
1069;3;2;4
537;6;8;4
1892;7;7;4
257;0;0;4
92;5;5;4
654;3;3;4
867;4;3;4
225;1;1;4
677;7;4;4
610;2;1;4
1001;7;9;4
98;5;0;4
1940;6;8;4
1585;5;8;4
370;3;2;4
1314;6;5;4
732;3;8;4
891;6;6;4
580;4;0;4
666;3;5;4
233;2;0;4
322;4;6;4
1123;1;0;4
1031;3;0;4
670;2;1;4
105;5;0;4
989;3;6;4
1292;5;7;4
371;5;3;4
110;7;8;4
1151;4;3;4
704;4;2;4
263;6;5;4
215;5;2;4
1786;5;3;4
926;7;9;4
1669;2;1;4
1235;1;1;4
597;5;0;4
1236;3;2;4
730;3;8;4
531;2;0;4
1878;2;5;4
1646;4;6;4
877;4;9;4
1874;6;6;4
402;3;1;4
1762;6;4;4
52;2;0;4
1691;6;0;4
883;4;2;4
235;6;9;4
199;1;4;4
2003;4;9;4
1972;8;9;4
1854;6;8;4
1493;-1;0;4
1008;4;6;4
1606;5;6;4
956;2;0;4
1965;4;3;4
1345;6;7;4
1359;2;1;4
504;5;2;4
1576;4;0;4
1213;5;3;4
638;1;0;4
1302;8;4;4
1921;7;8;4
1625;8;4;4
648;3;5;4
1003;4;2;4
1221;1;1;4
1259;3;2;4
1908;6;6;4
1280;8;4;4
1756;6;3;4
1080;8;4;4
1462;3;3;4
743;2;1;4
1955;2;1;4
157;5;6;4
678;6;4;4
1491;6;7;4
1159;5;2;4
383;4;3;4
1707;6;4;4
58;5;2;4
1562;7;4;4
1906;1;1;4
931;7;4;4
1045;3;2;4
1732;8;9;4
475;1;1;4
24;-1;0;4
613;1;1;4
479;3;6;4
722;4;6;4
991;4;8;4
1129;6;2;4
101;3;2;4
1902;6;2;4
1219;3;1;4
46;3;5;4
639;4;2;5
635;2;0;5
139;5;8;5
1320;1;1;5
978;6;9;5
806;5;5;5
1471;4;0;5
571;4;4;5
1759;2;2;5
255;4;6;5
594;4;0;5
557;6;7;5
1748;5;8;5
1430;3;6;5
408;1;1;5
1356;5;9;5
1355;5;5;5
1376;6;4;5
1495;8;8;5
875;0;0;5
568;3;2;5
642;7;4;5
1309;3;0;5
1182;6;8;5
1819;1;6;5
899;4;4;5
27;7;9;5
227;2;1;5
778;0;0;5
958;2;1;5
430;2;1;5
376;6;8;5
277;1;0;5
268;6;9;5
274;5;1;5
1752;4;4;5
209;2;5;5
1931;1;0;5
350;1;6;5
1400;5;7;5
1049;5;2;5
923;3;3;5
1647;5;8;5
880;0;0;5
1885;3;5;5
1636;7;4;5
1541;4;5;5
1262;6;9;5
882;3;5;5
822;5;0;5
1846;5;4;5
708;6;9;5
897;1;0;5
8;3;1;5
1208;1;6;5
1689;7;9;5
1722;0;0;5
487;3;3;5
550;3;0;5
1577;3;3;5
821;2;2;5
1364;7;4;5
1102;2;1;5
281;6;4;5
854;2;1;5
1829;0;0;5
1180;8;8;5
1640;3;2;5
1914;3;3;5
197;1;0;5
697;2;3;5
773;4;7;5
1738;4;4;5
1910;4;9;5
66;6;9;5
1299;2;8;5
2006;4;6;5
819;7;9;5
459;2;1;5
1241;1;1;5
1727;2;4;5
1648;1;0;5
797;2;8;5
272;3;1;5
1393;4;5;5
1697;4;2;5
1296;7;8;5
2002;2;1;5
1148;5;5;5
1050;6;4;5
246;6;2;5
1599;4;4;5
766;3;2;5
848;6;8;5
1254;6;7;5
884;6;5;5
702;2;5;5
513;6;3;5
223;5;3;5
198;2;1;5
561;2;3;5
1845;9;9;5
674;2;1;5
1144;4;2;5
907;3;1;5
211;2;2;5
516;4;7;5
435;2;1;5
1749;4;2;5
1052;1;4;5
345;2;1;5
1882;2;1;5
728;2;1;5
36;2;1;5
1190;2;1;5
1531;1;0;5
1449;3;1;5
1026;5;7;5
511;3;1;5
1346;6;5;5
858;1;1;5
1806;3;2;5
1305;4;3;5
1603;6;4;5
453;4;1;5
1197;4;1;5
1332;8;8;5
114;4;6;5
123;6;9;5
1751;5;6;5
43;3;3;5
80;3;4;5
372;3;6;5
433;-1;0;5
47;3;2;5
11;5;8;5
469;1;0;5
902;5;5;5
547;2;1;5
397;0;0;5
1746;1;0;5
1464;5;6;5
974;2;0;5
1816;3;1;5
1725;5;7;5
1717;8;9;5
1446;2;0;5
437;4;6;5
423;6;9;5
1835;5;8;5
1200;1;1;5
1271;2;1;5
1337;1;0;5
1060;4;6;5
1487;3;3;5
973;7;4;5
1736;6;9;5
1167;2;1;5
1288;4;3;5
739;3;2;5
1064;2;0;5
189;1;1;5
1623;6;7;5
405;3;2;5
612;4;6;5
662;5;4;5
900;0;0;5
684;5;6;5
1684;4;2;5
239;6;7;5
698;4;5;5
1358;6;4;5
1556;3;3;5
1515;2;0;5
1350;6;4;5
994;3;0;5
1833;4;4;5
886;7;4;5
431;3;3;5
514;2;1;5
596;4;1;5
286;3;0;5
825;7;8;5
527;3;2;5
1876;3;6;5
267;2;2;5
1709;3;1;5
1361;4;6;5
416;4;6;5
359;2;1;5
1408;4;0;5
774;5;5;5
351;1;1;5
1875;7;9;5
160;4;3;5
706;2;1;5
1062;1;1;5
398;5;7;5
1516;3;2;5
284;5;4;5
1111;1;1;5
1671;6;0;5
1194;2;2;5
1557;2;6;5
265;8;7;5
927;3;6;5
873;6;9;5
1743;2;1;5
1140;8;9;5
1029;7;8;5
1979;6;8;5
1266;2;3;5
1477;2;1;5
308;7;8;5
18;4;5;5
230;6;4;5
996;2;5;5
1574;1;2;5
1857;8;4;5
1429;5;2;5
1098;7;9;5
1405;5;5;5
1387;2;4;5
764;5;6;5
135;4;6;5
812;3;0;5
1016;6;7;5
1729;1;1;5
1523;1;0;5
175;4;6;5
752;4;2;5
75;3;9;5
1969;5;4;5
838;8;9;5
782;5;3;5
913;6;9;5
1971;6;7;5
316;2;1;5
145;4;3;5
44;6;5;5
871;0;0;5
629;4;2;5
1847;4;2;5
1612;6;0;5
1611;2;1;5
859;2;6;5
1216;4;5;5
1627;6;7;5
411;0;2;5
1870;3;2;5
1382;7;8;5
1747;6;8;5
1785;6;8;5
1767;3;2;5
1772;4;2;5
68;2;1;5
694;1;1;5
1763;3;2;5
1381;6;4;5
1206;3;0;5
1856;6;8;5
1454;2;1;5
1153;4;1;5
1889;2;1;5
599;1;1;5
1976;5;2;5
1586;6;9;5
318;5;4;5
320;4;3;5
687;6;4;5
99;1;0;5
491;6;9;5
1217;7;4;5
1480;7;7;5
1282;1;0;5
1922;3;1;5
1484;4;4;5
1766;6;0;5
1386;2;0;5
1783;1;0;5
1618;7;8;5
1499;5;8;5
1582;1;1;5
335;6;0;5
1731;7;9;5
488;6;8;5
249;3;5;5
1868;7;8;5
776;1;1;5
736;2;4;5
1185;8;9;5
158;1;1;5
297;6;8;5
1375;7;8;5
1688;1;1;5
301;3;0;5
467;3;2;5
1934;2;5;5
564;6;7;5
1987;5;7;5
968;5;8;5
1455;0;0;5
820;5;5;5
1880;5;4;5
688;5;4;5
71;6;8;5
388;2;3;5
460;2;1;5
152;3;3;5
916;5;8;5
1187;1;0;5
1810;6;4;5
1046;4;3;5
1130;7;7;5
1858;6;4;5
768;3;4;5
1492;3;2;5
602;1;0;5
519;3;2;5
319;3;2;5
347;4;4;5
1535;7;8;5
1704;3;1;5
1667;1;0;5
444;1;0;5
920;6;9;5
1700;8;9;5
524;5;3;5
243;7;9;5
1500;3;3;5
1059;2;0;5
1444;6;4;5
1082;5;7;5
1706;8;8;5
544;2;6;5
78;8;9;5
1821;2;1;5
1331;0;0;5
288;5;6;5
1754;5;7;5
614;3;4;5
193;0;0;5
1622;6;4;5
960;7;9;5
1844;5;9;5
963;2;1;5
334;6;7;5
1268;0;0;5
795;7;9;5
1273;5;7;5
941;2;6;5
298;4;2;5
870;3;8;5
476;2;1;5
864;5;1;5
890;3;2;5
1604;2;0;5
1171;5;9;5
1277;2;1;5
853;6;4;5
1433;2;1;5
1431;1;0;5
1831;5;2;5
364;0;0;5
70;3;3;5
1083;5;0;5
1927;3;1;5
972;6;4;5
943;0;0;5
1267;6;6;5
962;5;7;5
1335;7;9;5
1561;4;3;5
1222;6;9;5
667;5;8;5
1126;3;1;5
1513;2;0;5
5;4;0;5
270;3;5;5
124;7;9;5
1005;5;3;5
1621;2;1;5
1974;3;3;5
549;4;6;5
95;1;1;5
1247;5;7;5
1427;6;4;5
1149;3;6;5
251;6;0;5
1581;5;6;5
630;2;1;5
1000;6;9;5
911;4;2;5
1633;7;9;5
120;6;7;5
546;3;0;5
174;6;5;5
254;6;7;5
494;8;8;5
1935;5;7;5
38;1;0;5
84;0;4;5
1465;3;2;5
1711;5;5;5
1602;2;1;5
300;5;0;5
1909;6;2;5
1415;3;0;5
1941;6;8;5
1434;2;1;5
720;3;1;5
830;4;8;5
709;4;4;5
1366;6;5;5
1677;5;5;5
2005;4;6;5
1413;5;6;5
1811;3;6;5
266;5;9;5
374;6;7;5
358;1;0;5
1010;0;0;5
1630;4;8;5
1643;5;8;5
1980;3;5;5
449;6;7;5
195;4;3;5
167;4;7;5
1175;5;7;5
770;0;0;5
1127;7;9;5
1668;5;4;5
1999;3;0;5
1298;6;8;5
391;4;3;5
998;5;6;5
847;2;6;5
1553;6;7;5
1383;4;5;5
577;4;6;5
278;2;1;5
1189;6;4;5
1378;7;7;5
1662;5;3;5
1634;3;1;5
1486;5;7;5
1321;4;2;5
584;3;3;5
1804;4;7;5
1245;5;2;5
111;3;2;5
1807;0;0;5
625;2;0;5
1030;4;2;5
328;7;7;5
1105;2;6;5
1327;2;1;5
1961;3;3;5
1912;7;9;5
1497;0;0;5
1297;3;1;5
2004;2;6;5
1948;3;4;5
737;2;1;5
1504;2;1;5
801;7;9;5
1570;2;6;5
1540;1;0;5
1055;1;2;5
379;3;5;5
353;3;5;5
1423;4;6;5
618;8;9;5
332;5;3;5
957;7;9;5
1490;2;1;5
168;5;0;5
863;7;9;5
866;5;8;5
1508;7;4;5
480;6;0;5
1753;4;5;5
587;5;9;5
1018;2;3;5
1920;6;4;5
1864;4;7;5
486;4;2;5
981;4;3;5
961;7;8;5
1246;3;1;5
129;2;1;5
1201;7;8;5
131;6;2;5
849;6;8;5
517;1;0;5
287;1;1;5
836;6;4;5
62;4;2;5
1347;5;2;6
1033;4;0;6
1442;4;3;6
1777;4;6;6
1410;7;9;6
938;2;1;6
545;3;2;6
172;1;1;6
850;5;7;6
1963;3;3;6
576;4;3;6
25;5;0;6
1168;2;1;6
73;5;5;6
1822;0;0;6
1517;4;2;6
1091;5;4;6
126;3;7;6
1735;1;1;6
317;-1;0;6
1207;9;9;6
232;7;9;6
291;1;0;6
1837;5;7;6
560;6;8;6
375;5;2;6
940;4;2;6
1340;4;7;6
1460;3;2;6
134;6;9;6
412;4;9;6
367;4;4;6
1977;5;3;6
258;6;8;6
609;4;4;6
1469;6;4;6
1295;1;1;6
1592;4;8;6
1801;7;7;6
468;6;4;6
1505;5;4;6
777;4;2;6
1789;6;4;6
149;2;3;6
1124;4;3;6
601;4;3;6
96;4;5;6
30;7;8;6
1352;5;0;6
1203;4;6;6
1560;1;1;6
7;3;2;6
1694;3;0;6
23;5;3;6
1641;4;2;6
969;3;0;6
45;4;1;6
1936;0;0;6
142;3;4;6
834;6;4;6
1489;4;4;6
685;3;5;6
153;7;8;6
1765;7;9;6
1817;2;2;6
151;6;9;6
1002;7;8;6
386;6;4;6
946;6;8;6
1773;4;5;6
1813;2;0;6
1954;4;2;6
979;2;0;6
150;5;5;6
833;6;0;6
323;2;4;6
108;-1;0;6
1579;4;6;6
1503;1;1;6
439;1;1;6
1672;2;1;6
1787;4;7;6
1044;3;5;6
368;7;9;6
419;5;3;6
315;6;8;6
200;9;9;6
1150;8;9;6
1781;5;3;6
1253;4;3;6
1418;5;3;6
1761;3;2;6
841;2;6;6
1507;2;1;6
1873;5;4;6
1058;7;8;6
1385;3;7;6
1401;3;0;6
1782;2;2;6
1693;3;2;6
762;3;6;6
1365;5;5;6
699;3;3;6
72;3;4;6
1632;6;7;6
1519;1;0;6
360;8;9;6
1272;5;6;6
1938;1;1;6
1360;5;6;6
1186;4;7;6
878;7;7;6
309;6;7;6
1154;3;1;6
1414;4;3;6
148;0;0;6
1220;2;0;6
210;8;9;6
128;4;2;6
336;6;8;6
343;3;6;6
912;2;6;6
1205;1;1;6
1866;6;5;6
966;8;9;6
1551;7;7;6
1853;4;3;6
427;4;2;6
434;3;3;6
1482;6;5;6
758;6;0;6
1100;2;2;6
445;5;8;6
1566;6;5;6
598;7;6;6
1958;7;4;6
1397;7;9;6
1483;4;4;6
1351;4;6;6
1303;2;2;6
1834;1;0;6
1257;6;3;6
1881;3;5;6
1663;8;9;6
1628;5;2;6
302;1;1;6
815;4;4;6
418;4;7;6
1161;1;6;6
643;5;8;6
1025;7;8;6
1595;5;6;6
1673;2;0;6
508;5;0;6
0;0;0;6
644;1;0;6
1768;1;0;6
421;2;3;6
563;4;6;6
617;7;8;6
1832;5;7;6
539;6;8;6
1911;3;5;6
713;1;0;6
1307;0;0;6
749;4;8;6
1047;3;0;6
1290;2;1;6
1568;2;0;6
1839;4;5;6
616;2;1;6
499;3;4;6
217;4;6;6
1496;4;7;6
1160;4;7;6
1422;2;0;6
1546;7;8;6
457;6;4;6
1544;3;1;6
1306;6;6;6
703;4;7;6
895;4;4;6
1552;3;1;6
1547;6;7;6
1279;2;2;6
810;2;0;6
522;1;0;6
1370;1;1;6
67;-1;0;6
1260;2;1;6
1678;3;7;6
554;1;1;6
489;4;4;6
502;6;7;6
995;4;7;6
1488;4;5;6
823;7;9;6
1293;9;9;6
404;4;1;6
1131;2;1;6
603;3;3;6
1851;6;7;6
572;2;1;6
1065;5;7;6
1475;5;7;6
1757;2;1;6
1780;3;2;6
725;6;4;6
1959;3;5;6
1061;6;7;6
276;1;1;6
346;4;6;6
1406;1;0;6
1112;4;3;6
53;4;3;6
1597;4;7;6
1223;3;0;6
595;1;0;6
1590;1;1;6
1281;3;2;6
658;4;3;6
518;2;0;6
1653;7;8;6
1133;7;8;6
1420;7;0;6
9;3;0;6
228;1;1;6
1998;1;1;6
484;7;9;6
837;3;6;6
1342;0;0;6
1850;4;6;6
1117;1;1;6
740;5;5;6
624;5;3;6
1775;2;6;6
1394;7;4;6
1472;6;7;6
1086;2;1;6
307;5;9;6
1170;5;4;6
933;1;1;6
252;1;0;6
1068;1;1;6
1076;4;5;6
738;4;6;6
760;4;7;6
1675;9;9;6
213;8;9;6
1614;6;4;6
55;5;7;6
1872;5;2;6
1284;4;6;6
993;6;8;6
420;1;0;6
1269;7;9;6
1316;7;7;6
1035;5;1;6
1178;6;9;6
1024;6;7;6
1063;6;2;6
1425;7;4;6
401;4;2;6
1308;5;7;6
1251;2;1;6
751;4;4;6
1071;6;7;6
1326;7;9;6
143;1;0;6
681;4;7;6
1028;5;2;6
119;7;8;6
248;5;0;6
1258;2;3;6
1051;7;8;6
446;5;4;6
1132;0;0;6
29;6;7;6
1991;3;6;6
426;6;9;6
1198;1;1;6
942;2;1;6
112;3;2;6
1181;6;8;6
1947;6;7;6
1094;5;5;6
250;5;0;6
458;6;5;6
1933;-1;0;6
495;2;5;6
1942;2;1;6
234;1;0;6
1996;4;3;6
714;1;1;6
665;7;7;6
472;7;9;6
455;3;7;6
1263;1;0;6
936;7;8;6
1323;4;3;6
1964;3;5;6
1248;4;2;6
116;5;3;6
159;7;9;6
329;4;6;6
77;1;1;6
592;5;8;6
113;6;3;6
482;7;0;6
881;3;0;6
448;1;1;6
221;1;0;6
37;6;4;6
1900;6;7;6
236;2;0;6
83;5;0;6
1867;2;0;6
862;4;2;6
1452;3;1;6
829;5;8;6
1325;5;2;6
944;8;9;6
296;7;4;6
373;6;4;6
88;4;3;6
965;4;4;6
41;8;9;6
1317;1;1;6
798;1;0;6
1141;7;9;6
1270;9;9;6
331;6;8;6
410;1;1;6
417;4;6;6
456;4;2;6
1374;5;3;6
344;0;0;6
1818;5;9;6
1841;4;4;6
1771;2;1;6
1191;3;0;6
775;1;0;6
999;3;1;6
1650;4;1;6
623;7;7;6
275;2;0;6
363;6;7;6
1571;4;4;6
1104;5;2;6
1097;4;6;6
1339;5;4;6
611;3;5;6
742;8;9;6
1575;8;9;6
1108;6;9;6
1943;0;0;6
893;3;6;6
585;5;3;6
1779;6;4;6
1670;1;0;6
691;4;5;6
1984;3;5;6
115;1;0;6
754;5;6;6
794;-1;0;6
1348;5;7;6
653;0;0;6
637;7;9;6
1138;2;1;6
130;0;0;6
81;5;6;6
1883;5;2;6
562;2;1;6
983;3;4;6
1067;5;8;6
1930;1;0;6
165;4;1;6
1233;4;8;6
605;2;3;6
1802;5;3;6
803;3;6;6
424;1;1;6
16;5;4;6
1369;4;6;6
48;9;9;6
1037;5;5;6
86;4;9;6
385;3;5;6
156;0;0;6
1215;1;0;6
354;5;9;6
1953;2;0;6
741;4;5;6
1424;5;6;6
579;2;1;6
1125;6;7;6
816;2;1;6
12;5;9;6
1739;5;2;6
636;4;7;6
1838;4;0;6
1790;3;5;6
1860;6;3;6
712;1;1;6
56;1;0;6
1946;0;0;6
1522;6;4;6
1555;5;4;6
1089;6;5;6
885;2;0;6
409;1;1;6
1951;4;4;6
1039;4;3;6
390;1;1;6
183;4;7;6
1485;3;3;6
987;1;1;6
608;6;7;6
988;5;5;6
1666;3;1;6
535;5;9;6
1011;7;4;6
1453;4;5;6
1447;2;1;6
532;-1;0;6
521;3;1;6
661;3;3;6
1893;3;2;6
1234;5;6;6
1328;4;3;6
201;0;0;6
509;7;9;6
1212;8;4;6
238;7;7;6
1043;7;9;6
414;5;6;6
813;3;1;6
1403;2;5;6
1720;6;8;6
552;0;0;6
242;2;1;6
1188;2;5;6
683;6;8;6
1240;5;6;6
1432;4;2;6
1255;6;7;6
1040;6;8;6
710;0;0;6
954;4;4;6
31;1;1;6
207;6;8;6
1926;7;5;6
436;5;4;6
1745;5;6;6
1805;9;4;6
668;5;5;6
136;4;8;6
1322;-1;0;6
1287;5;7;6
356;6;7;6
556;8;9;6
934;5;2;6
1696;2;0;6
1169;5;4;6
1975;6;4;6
289;3;5;6
428;7;9;6
2;2;0;6
1373;0;2;6
1038;2;1;6
1550;2;0;6
501;6;8;6
361;7;8;6
1985;3;2;6
734;4;4;6
1032;0;0;6
279;2;1;6
1809;5;6;6
1989;4;6;6
442;6;7;6
809;6;7;6
1642;3;7;6
1349;7;7;6
1533;4;2;6
1863;4;6;6
413;5;6;6
226;4;6;6
915;4;5;6
1589;4;5;6
908;3;1;6
10;3;2;6
590;4;0;6
657;3;3;6
1283;1;0;6
1687;4;3;6
1580;7;8;6
879;7;9;6
753;4;2;6
1183;5;2;7
1196;3;0;7
807;7;3;7
1536;4;3;7
283;6;2;7
185;7;3;7
247;8;7;7
1534;2;0;7
551;3;1;7
1304;3;0;7
186;3;1;7
984;3;2;7
1945;7;7;7
861;5;2;7
548;5;2;7
1036;2;1;7
578;2;1;7
76;7;5;7
840;4;2;7
1494;6;6;7
1776;7;8;7
162;5;5;7
1120;8;7;7
1578;2;6;7
717;6;8;7
1828;4;4;7
1741;6;0;7
1703;7;5;7
14;10;9;7
1463;10;4;7
832;6;3;7
1116;8;0;7
303;4;2;7
1276;1;0;7
1542;7;0;7
425;10;9;7
876;6;3;7
406;5;0;7
1532;10;4;7
340;10;4;7
393;4;2;7
1567;3;1;7
1843;6;3;7
182;11;9;7
1916;7;2;7
950;0;2;7
817;8;9;7
1122;3;4;7
607;7;2;7
1896;4;1;7
178;4;3;7
772;3;1;7
396;7;7;7
314;4;2;7
935;4;0;7
1354;2;1;7
1113;8;8;7
922;0;6;7
1799;6;6;7
17;8;9;7
1135;6;2;7
1701;3;0;7
1686;3;0;7
352;0;0;7
1226;5;3;7
925;1;0;7
1210;9;4;7
1904;11;9;7
147;2;1;7
889;11;9;7
1368;5;6;7
49;2;2;7
541;6;8;7
1915;9;9;7
1879;6;2;7
1825;9;7;7
294;6;6;7
844;9;9;7
1973;5;6;7
1329;-1;0;7
690;5;6;7
1690;5;5;7
1624;3;0;7
1421;5;0;7
229;7;7;7
82;6;8;7
1014;6;6;7
403;1;0;7
389;7;7;7
851;2;1;7
1584;8;3;7
656;9;4;7
1891;1;1;7
1202;8;7;7
1344;1;1;7
461;7;6;7
726;9;4;7
1103;9;9;7
1300;7;0;7
543;9;0;7
763;7;5;7
125;6;5;7
164;10;9;7
839;6;3;7
1587;6;8;7
310;2;1;7
802;3;1;7
868;2;1;7
589;6;3;7
118;8;5;7
1377;7;3;7
1081;9;7;7
971;3;0;7
312;2;1;7
1107;8;3;7
1093;4;3;7
241;1;0;7
1661;2;2;7
1436;7;0;7
632;3;6;7
1824;10;9;7
203;2;0;7
1459;9;2;7
692;8;7;7
1193;6;4;7
478;8;8;7
1609;9;8;7
1651;5;5;7
180;11;9;7
553;1;0;7
1674;5;5;7
1481;11;4;7
1176;10;7;7
1379;8;8;7
6;10;4;7
528;11;9;7
1572;2;0;7
628;5;8;7
831;2;1;7
503;3;0;7
1886;6;0;7
905;1;1;7
90;6;0;7
976;3;6;7
846;4;0;7
1861;4;3;7
1608;11;9;7
1814;1;0;7
723;7;9;7
640;2;1;7
924;8;8;7
1716;2;1;7
842;2;1;7
1925;4;5;7
1692;5;0;7
1070;2;1;7
326;5;6;7
1607;2;2;7
321;8;0;7
663;3;4;7
33;8;7;7
1498;10;9;7
1569;5;3;7
21;6;0;7
1937;3;1;7
1798;2;1;7
1968;5;3;7
620;6;2;7
1591;6;3;7
483;5;6;7
921;5;0;7
222;2;2;7
1137;5;6;7
1957;7;3;7
1286;3;1;7
365;8;6;7
1110;8;7;7
1665;2;1;7
325;8;8;7
1638;10;4;7
1391;11;9;7
1388;7;8;7
1659;7;4;7
755;3;1;7
872;8;9;7
462;9;7;7
967;2;0;7
898;7;3;7
1042;7;7;7
104;6;2;7
464;9;3;7
785;9;5;7
805;9;3;7
137;8;9;7
205;8;7;7
542;1;2;7
1658;1;0;7
649;-1;0;7
422;10;9;7
394;5;4;7
591;3;2;7
292;7;0;7
26;8;8;7
1981;8;7;7
1840;3;2;7
1558;8;8;7
627;4;2;7
471;10;4;7
1890;2;5;7
1313;8;9;7
170;6;5;7
1285;1;0;7
1419;3;0;7
1949;9;7;7
724;10;4;7
852;9;4;7
1657;6;2;7
324;4;2;7
240;2;0;7
1467;6;6;7
633;6;5;7
1020;10;8;7
212;2;1;7
1007;8;8;7
1774;2;1;7
855;3;0;7
573;5;0;7
1053;8;7;7
1330;5;2;7
1537;2;1;7
1048;6;5;7
260;4;5;7
792;12;4;7
1644;6;6;7
1888;8;7;7
707;3;6;7
1179;8;5;7
1820;1;1;7
1631;6;3;7
1372;7;7;7
939;7;9;7
765;5;3;7
536;12;4;7
664;4;3;7
1769;9;9;7
1778;1;1;7
1734;8;3;7
447;5;5;7
51;6;5;7
443;5;6;7
377;8;3;7
1017;6;8;7
93;6;6;7
1695;5;6;7
1407;5;1;7
1524;4;5;7
117;5;3;7
1526;10;4;7
928;6;4;7
231;9;7;7
990;3;1;7
1232;2;6;7
1146;7;3;7
1512;3;1;7
892;3;1;7
100;7;3;7
1855;6;3;7
538;8;9;7
1530;3;1;7
40;6;6;7
718;5;0;7
1913;4;0;7
1859;7;7;7
986;2;0;7
1090;4;0;7
22;7;2;7
432;7;3;7
575;3;6;7
94;4;6;7
1155;8;4;7
1336;8;6;7
1445;7;7;7
304;3;2;7
91;10;9;7
269;3;0;7
1225;8;8;7
1728;8;5;7
1448;1;1;7
781;8;8;7
299;5;6;7
1705;1;0;7
949;5;5;7
1616;3;6;7
1128;11;9;7
930;2;0;7
910;7;8;7
1256;7;3;7
28;1;1;7
530;8;8;7
581;4;0;7
1598;3;3;7
1970;10;7;7
619;6;2;7
1514;2;1;7
1291;5;8;7
493;4;1;7
769;10;4;7
59;7;8;7
219;6;2;7
970;4;1;7
799;9;7;7
69;6;5;7
780;2;2;7
588;7;6;7
745;5;1;7
767;6;5;7
901;9;9;7
1794;2;2;7
330;1;1;7
1995;4;0;7
1849;6;8;7
1411;3;1;7
888;6;2;7
1929;8;8;7
188;6;0;7
676;5;3;7
1384;11;4;7
1192;4;2;7
407;1;1;7
1509;6;6;7
506;5;5;7
50;2;1;7
1101;9;7;7
1261;9;8;7
392;5;2;7
1238;7;3;7
828;5;2;7
1334;8;0;7
510;11;9;7
109;2;2;7
1096;7;7;7
13;11;9;7
1099;3;0;7
1437;7;0;7
400;8;0;7
985;1;1;7
196;5;8;7
750;8;8;7
1800;6;6;7
1395;3;1;7
15;9;7;7
1950;9;7;7
1426;4;3;7
1237;8;3;7
1680;6;8;7
1997;1;0;7
1041;4;0;7
1057;6;9;7
1243;7;6;7
1023;5;6;7
686;3;5;7
1479;4;3;7
146;4;1;7
169;9;7;7
1944;8;4;7
244;4;2;7
121;5;6;7
1626;2;0;7
1163;3;2;7
1389;2;1;7
1967;7;3;7
1085;8;9;7
1249;3;0;7
540;10;4;7
1392;10;4;7
565;10;7;7
1654;10;9;7
569;2;1;7
140;2;1;7
1708;8;4;7
719;7;0;7
1231;7;3;7
466;8;9;7
559;2;0;7
191;7;3;7
1905;7;4;7
811;4;2;7
1744;3;1;7
355;4;2;7
533;5;2;7
378;5;3;7
1565;8;8;7
835;3;1;7
1918;8;8;7
1367;7;9;7
1596;8;5;7
1399;11;4;7
1698;7;8;7
1894;5;2;7
498;8;6;7
1341;10;7;7
176;2;0;7
1214;10;4;7
1730;5;3;7
525;2;6;7
450;6;2;7
1826;10;9;7
1274;9;4;7
1371;8;4;7
647;8;6;7
1474;8;4;7
523;9;7;7
731;10;9;7
1848;5;3;7
32;5;0;7
253;8;7;7
1275;6;6;7
874;10;9;7
465;2;1;7
558;2;1;7
567;10;4;7
485;5;3;7
727;10;4;7
1438;10;9;7
1199;5;6;7
790;4;5;7
1982;8;8;7
1224;6;6;7
1573;5;2;7
948;10;7;7
505;11;4;7
1719;10;9;7
1390;10;9;7
1511;5;3;7
1639;3;1;7
711;6;7;7
473;4;6;7
929;6;2;7
1466;6;6;7
894;6;6;7
1066;6;4;7
887;7;8;7
1398;7;3;7
1956;9;9;7
173;6;0;7
845;5;5;7
1793;4;3;7
857;8;8;7
904;3;5;7
1230;7;3;7
1792;1;0;7
570;2;1;7
1750;7;8;7
1158;8;8;7
477;6;5;7
800;11;9;7
659;8;7;7
1823;11;7;7
337;3;2;7
295;8;7;7
1564;6;5;7
1502;8;6;7
1983;8;7;7
680;7;7;7
87;2;4;7
1740;1;0;7
61;8;8;7
171;9;5;7
1056;1;2;7
1862;8;4;7
1898;4;5;7
582;9;4;7
917;5;6;7
808;1;1;7
1664;8;0;7
141;2;1;7
1784;8;7;7
1195;6;6;7
415;9;9;7
1852;7;5;7
357;7;7;7
1770;6;2;7
818;8;9;7
655;3;1;7
964;2;1;7
997;0;6;7
333;6;5;7
313;9;7;7
380;1;0;7
1960;7;3;7
604;7;4;7
1952;3;1;7
1229;7;8;7
622;10;9;7
1610;2;1;7
463;8;0;7
138;3;5;7
218;5;0;7
1681;7;0;7
1440;5;6;7
1899;8;7;7
1796;5;2;7
1836;2;1;7
1164;6;3;7
348;5;5;7
1174;8;4;7
64;9;4;7
2000;9;7;7
1897;5;4;7
237;5;6;7
615;8;4;7
1173;2;2;7
1443;3;0;7
983;5;4;8
1657;7;2;8
905;1;1;8
1944;7;4;8
1163;5;2;8
737;1;1;8
826;5;5;8
996;1;5;8
1950;10;7;8
1846;6;4;8
17;9;9;8
311;12;7;8
1576;1;0;8
812;3;0;8
688;9;4;8
1823;8;7;8
1036;2;1;8
1140;13;9;8
1837;12;7;8
1807;13;0;8
1414;8;3;8
349;3;1;8
328;10;7;8
1456;4;4;8
722;4;6;8
193;12;0;8
1089;8;5;8
1638;3;4;8
1902;11;2;8
1812;9;8;8
95;1;1;8
235;12;9;8
1463;3;4;8
1859;6;7;8
1235;0;1;8
1592;9;8;8
615;5;4;8
347;5;4;8
462;9;7;8
1161;8;6;8
340;8;4;8
1843;7;3;8
1391;9;9;8
802;4;1;8
1838;4;0;8
1736;10;9;8
1001;9;9;8
1618;6;8;8
1521;1;4;8
484;8;9;8
1620;4;9;8
1020;5;8;8
1048;5;5;8
611;11;5;8
702;0;5;8
1534;11;0;8
1692;10;0;8
1446;9;0;8
735;5;6;8
791;7;9;8
381;10;7;8
455;9;7;8
1925;4;5;8
1385;8;7;8
1597;7;7;8
1952;4;1;8
1906;1;1;8
1012;12;0;8
1344;2;1;8
1291;3;8;8
1938;1;1;8
1355;7;5;8
1181;7;8;8
1522;10;4;8
1763;7;2;8
1070;3;1;8
262;2;1;8
1462;3;3;8
534;8;2;8
1949;8;7;8
352;14;0;8
1855;6;3;8
258;8;8;8
147;2;1;8
1813;9;0;8
968;5;8;8
929;4;2;8
1327;4;1;8
313;13;7;8
1276;12;0;8
1118;2;6;8
581;6;0;8
242;3;1;8
1981;11;7;8
66;11;9;8
1871;4;1;8
1236;8;2;8
1760;0;0;8
143;4;0;8
689;2;4;8
1992;7;3;8
1376;2;4;8
1639;1;1;8
1790;2;5;8
1032;11;0;8
1467;7;6;8
1712;4;5;8
1366;7;5;8
1401;6;0;8
165;1;1;8
1656;6;3;8
2006;6;6;8
995;8;7;8
1440;5;6;8
1198;2;1;8
1625;3;4;8
646;14;0;8
406;6;0;8
214;0;0;8
444;8;0;8
437;2;6;8
1021;2;1;8
628;5;8;8
976;8;6;8
1334;5;0;8
1142;7;0;8
935;5;0;8
126;7;7;8
743;3;1;8
658;6;3;8
932;8;0;8
1834;7;0;8
668;8;5;8
1082;11;7;8
1616;3;6;8
1631;6;3;8
557;11;7;8
1681;5;0;8
1357;13;9;8
1193;6;4;8
1420;4;0;8
162;2;5;8
840;7;2;8
1608;8;9;8
671;3;6;8
1513;10;0;8
109;5;2;8
1520;2;4;8
40;4;6;8
1749;4;2;8
819;11;9;8
717;8;8;8
664;10;3;8
1005;8;3;8
396;8;7;8
1064;12;0;8
299;4;6;8
1493;1;0;8
1359;3;1;8
1884;6;6;8
1154;1;1;8
1851;11;7;8
1454;3;1;8
1046;8;3;8
1016;12;7;8
439;2;1;8
1400;11;7;8
1848;4;3;8
1724;4;2;8
152;8;3;8
1679;13;0;8
1341;12;7;8
392;2;2;8
270;6;5;8
1328;7;3;8
1251;2;1;8
774;1;5;8
130;8;0;8
967;11;0;8
425;12;9;8
1329;6;0;8
1488;3;5;8
1465;7;2;8
1299;9;8;8
1207;8;9;8
1241;2;1;8
1315;6;9;8
209;2;5;8
76;8;5;8
519;5;2;8
1485;7;3;8
1947;10;7;8
1894;3;2;8
691;6;5;8
1209;10;2;8
240;3;0;8
170;4;5;8
1139;4;4;8
144;9;8;8
1481;2;4;8
1113;10;8;8
1056;6;2;8
959;7;4;8
1575;5;9;8
1302;4;4;8
1043;10;9;8
1466;3;6;8
431;8;3;8
438;2;2;8
1304;12;0;8
1544;1;1;8
25;5;0;8
14;8;9;8
1104;10;2;8
393;2;2;8
855;8;0;8
525;7;6;8
1079;7;8;8
535;9;9;8
263;8;5;8
308;5;8;8
1606;6;6;8
546;6;0;8
1895;9;7;8
1148;7;5;8
1819;8;6;8
1676;5;2;8
867;7;3;8
1602;1;1;8
749;2;8;8
1672;3;1;8
7;4;2;8
1360;3;6;8
394;7;4;8
1173;6;2;8
771;11;9;8
234;12;0;8
1205;1;1;8
1580;10;8;8
401;5;2;8
850;12;7;8
33;12;7;8
460;2;1;8
1229;7;8;8
491;10;9;8
1698;7;8;8
228;1;1;8
323;0;4;8
1289;4;3;8
249;2;5;8
1565;8;8;8
135;0;6;8
1351;1;6;8
192;4;0;8
1955;2;1;8
588;4;6;8
1069;2;2;8
271;7;2;8
608;11;7;8
64;3;4;8
73;10;5;8
1677;5;5;8
1384;0;4;8
1014;3;6;8
1406;3;0;8
1408;8;0;8
1719;9;9;8
1228;5;6;8
475;2;1;8
651;4;4;8
1903;13;0;8
9;10;0;8
654;7;3;8
831;0;1;8
878;8;7;8
809;11;7;8
1339;9;4;8
970;4;1;8
1201;10;8;8
816;4;1;8
222;5;2;8
2001;0;1;8
1831;6;2;8
698;8;5;8
94;4;6;8
330;2;1;8
274;2;1;8
36;1;1;8
974;1;0;8
1879;7;2;8
289;6;5;8
864;1;1;8
699;6;3;8
1730;7;3;8
1145;9;5;8
389;7;7;8
1237;8;3;8
1150;6;9;8
825;6;8;8
1934;1;5;8
1701;10;0;8
1830;10;2;8
1427;5;4;8
1695;4;6;8
1468;8;7;8
1996;8;3;8
1310;2;1;8
1066;5;4;8
329;5;6;8
1413;6;6;8
55;9;7;8
398;9;7;8
256;6;5;8
1629;6;3;8
1543;5;8;8
383;7;3;8
1244;12;0;8
1648;8;0;8
1815;2;6;8
499;1;4;8
656;4;4;8
1641;5;2;8
1956;11;9;8
1109;2;1;8
468;5;4;8
490;1;1;8
201;4;0;8
80;5;4;8
151;5;9;8
598;5;6;8
1753;9;5;8
239;10;7;8
18;1;5;8
1333;5;2;8
1990;5;0;8
1619;6;9;8
1094;8;5;8
1010;12;0;8
710;10;0;8
1783;7;0;8
715;4;2;8
836;7;4;8
1635;13;0;8
1993;11;7;8
1058;8;8;8
1770;6;2;8
252;12;0;8
1908;6;6;8
1120;11;7;8
533;10;2;8
1773;3;5;8
1379;8;8;8
1989;6;6;8
1937;1;1;8
1471;5;0;8
1632;13;7;8
955;8;9;8
1725;9;7;8
229;6;7;8
1126;1;1;8
453;1;1;8
1160;3;7;8
343;6;6;8
1913;12;0;8
1975;1;4;8
1292;8;7;8
694;1;1;8
606;7;8;8
419;9;3;8
509;8;9;8
1933;10;0;8
1901;5;4;8
1380;6;6;8
523;9;7;8
1196;2;0;8
536;3;4;8
1548;1;1;8
1100;4;2;8
838;12;9;8
1997;9;0;8
336;8;8;8
334;10;7;8
1453;7;5;8
1147;6;3;8
614;5;4;8
164;10;9;8
160;8;3;8
1963;6;3;8
1663;12;9;8
451;4;9;8
358;7;0;8
1265;12;8;8
1031;1;0;8
312;0;1;8
1269;10;9;8
157;4;6;8
1206;8;0;8
616;4;1;8
1519;6;0;8
538;10;9;8
1402;3;1;8
1684;8;2;8
979;8;0;8
559;11;0;8
1794;7;2;8
839;7;3;8
981;6;3;8
1761;3;2;8
1563;10;0;8
1557;6;6;8
31;1;1;8
1047;6;0;8
189;3;1;8
435;2;1;8
108;12;0;8
416;6;6;8
830;9;8;8
607;2;2;8
1567;4;1;8
1180;10;8;8
1818;6;9;8
223;5;3;8
1840;5;2;8
677;9;4;8
1876;6;6;8
942;2;1;8
1687;9;3;8
828;6;2;8
1345;9;7;8
522;11;0;8
1640;5;2;8
1708;1;4;8
1320;1;1;8
1685;3;3;8
1709;0;1;8
837;5;6;8
293;13;7;8
972;5;4;8
1814;9;0;8
1431;13;0;8
264;6;2;8
822;4;0;8
188;1;0;8
434;6;3;8
13;8;9;8
1965;7;3;8
103;6;2;8
984;3;2;8
730;4;8;8
1776;8;8;8
1816;0;1;8
848;6;8;8
1230;6;3;8
1266;6;3;8
617;10;8;8
1487;6;3;8
1272;2;6;8
1752;5;4;8
1372;10;7;8
1231;7;3;8
400;4;0;8
1117;3;1;8
1019;6;0;8
1889;2;1;8
267;5;2;8
1418;5;3;8
227;1;1;8
1732;6;9;8
783;10;9;8
269;8;0;8
506;5;5;8
1738;4;4;8
1551;9;7;8
928;6;4;8
1899;13;7;8
510;11;9;8
731;9;9;8
175;6;6;8
898;8;3;8
1596;9;5;8
1155;2;4;8
1421;8;0;8
1009;6;6;8
1750;5;8;8
1621;2;1;8
909;8;0;8
1186;9;7;8
277;9;0;8
910;5;8;8
912;6;6;8
1861;8;3;8
1132;12;0;8
1146;3;3;8
395;14;0;8
745;5;1;8
1103;4;9;8
1745;4;6;8
1246;1;1;8
1599;1;4;9
1549;1;1;9
894;1;6;9
368;1;9;9
161;1;2;9
754;1;6;9
178;1;3;9
1628;1;2;9
1731;1;9;9
1105;1;6;9
114;1;6;9
1999;1;0;9
1249;1;0;9
320;1;3;9
1991;1;6;9
1957;1;3;9
1915;1;9;9
1078;1;1;9
86;1;9;9
781;1;8;9
411;1;2;9
474;1;4;9
782;1;3;9
925;1;0;9
880;1;0;9
1598;1;3;9
1415;1;0;9
467;1;2;9
418;1;7;9
1532;1;4;9
22;1;2;9
1309;1;0;9
1795;1;6;9
1568;1;0;9
1511;1;3;9
1909;1;2;9
773;1;7;9
1242;1;7;9
845;1;5;9
1578;1;6;9
1096;1;7;9
1874;1;6;9
1647;1;8;9
1514;1;1;9
210;1;9;9
497;1;5;9
843;1;3;9
856;1;4;9
1349;1;7;9
433;0;0;9
1970;1;7;9
877;1;9;9
1893;1;2;9
807;1;3;9
1572;1;0;9
1603;1;4;9
2003;1;9;9
1404;1;8;9
1318;1;8;9
1720;1;8;9
1303;1;2;9
583;1;5;9
481;1;0;9
266;1;9;9
1653;1;8;9
645;1;2;9
1171;1;9;9
137;1;9;9
172;1;1;9
346;1;6;9
1705;1;0;9
1033;1;0;9
1498;1;9;9
1017;1;8;9
247;1;7;9
279;1;1;9
1189;1;4;9
1824;1;9;9
1917;1;6;9
1195;1;6;9
0;1;0;9
515;1;8;9
1960;1;3;9
1781;1;3;9
859;1;6;9
1689;1;9;9
1797;1;2;9
624;1;3;9
1240;1;6;9
287;1;1;9
1529;1;2;9
132;1;2;9
1073;1;9;9
1880;1;4;9
1374;1;3;9
203;1;0;9
1617;1;1;9
1279;1;2;9
361;1;8;9
457;1;4;9
902;1;5;9
238;1;7;9
1330;1;2;9
1088;1;9;9
83;1;0;9
1559;1;4;9
1219;1;1;9
1346;1;5;9
197;1;0;9
1624;1;0;9
1604;1;0;9
245;1;5;9
146;1;1;9
110;1;8;9
1953;1;0;9
1702;1;4;9
316;1;1;9
582;1;4;9
1190;1;1;9
1386;1;0;9
278;1;1;9
813;1;1;9
1756;1;3;9
1675;1;9;9
1898;1;5;9
1141;1;9;9
663;1;4;9
495;1;5;9
1528;1;3;9
1213;1;3;9
1718;1;1;9
426;1;9;9
1722;1;0;9
521;1;1;9
1626;0;0;9
643;1;8;9
1802;1;3;9
934;1;2;9
37;1;4;9
1077;1;8;9
1541;1;5;9
684;1;6;9
1518;1;4;9
769;1;4;9
115;0;0;9
1274;1;4;9
1865;1;0;9
1733;1;6;9
1092;1;0;9
1703;1;5;9
187;1;9;9
1447;1;1;9
1095;1;3;9
1200;1;1;9
602;1;0;9
2004;1;6;9
226;1;6;9
1204;1;8;9
1367;1;9;9
1877;1;4;9
1110;1;7;9
1243;1;6;9
281;1;4;9
54;0;0;9
1661;1;2;9
971;1;0;9
565;1;7;9
1405;1;5;9
1785;1;8;9
1726;1;4;9
865;1;8;9
1192;1;2;9
1900;1;7;9
1495;1;8;9
988;1;5;9
1515;1;0;9
1847;1;2;9
539;1;8;9
1886;1;0;9
1700;1;9;9
964;1;1;9
1911;1;5;9
1921;1;8;9
1282;1;0;9
1507;1;1;9
1476;1;0;9
1954;1;2;9
1259;1;2;9
367;1;4;9
900;0;0;9
366;1;4;9
1223;1;0;9
1798;1;1;9
1555;1;4;9
180;1;9;9
344;0;0;9
1546;1;8;9
478;1;8;9
953;1;4;9
1844;1;9;9
1673;1;0;9
1202;1;7;9
1185;1;9;9
989;1;6;9
98;1;0;9
1494;1;6;9
1278;1;7;9
333;1;5;9
246;1;2;9
1729;1;1;9
1976;1;2;9
1184;1;0;9
548;1;2;9
342;1;5;9
315;1;8;9
1474;1;4;9
1430;1;6;9
237;1;6;9
570;1;1;9
965;1;4;9
1707;1;4;9
1002;1;8;9
939;1;9;9
1587;1;8;9
1554;1;8;9
1023;1;6;9
1227;1;6;9
1609;1;8;9
1284;1;6;9
1084;1;3;9
44;1;5;9
1217;1;4;9
1971;1;7;9
373;1;4;9
1170;1;4;9
1187;1;0;9
572;1;1;9
1492;1;2;9
120;1;7;9
1869;1;0;9
1281;1;2;9
205;1;7;9
1654;1;9;9
341;1;4;9
1883;1;2;9
941;1;6;9
1403;1;5;9
1042;1;7;9
1061;1;7;9
355;1;2;9
1306;1;6;9
652;1;7;9
385;1;5;9
1680;1;8;9
1439;1;3;9
422;1;9;9
15;1;7;9
1948;1;4;9
11;1;8;9
465;1;1;9
1122;1;4;9
1258;1;3;9
779;1;0;9
751;1;4;9
829;1;8;9
1159;1;2;9
1214;1;4;9
1793;1;3;9
1505;1;4;9
1497;1;0;9
1633;1;9;9
1878;1;5;9
1964;1;5;9
458;1;5;9
1524;1;5;9
1041;1;0;9
1358;1;4;9
1280;1;4;9
1457;1;3;9
1768;1;0;9
1252;1;6;9
555;1;4;9
999;1;1;9
678;1;4;9
723;1;9;9
568;1;2;9
318;1;4;9
386;1;4;9
2002;1;1;9
601;1;3;9
477;1;5;9
138;1;5;9
704;1;2;9
1545;1;9;9
889;1;9;9
473;1;6;9
1744;1;1;9
206;1;5;9
1828;1;4;9
173;1;0;9
1780;1;2;9
1458;1;0;9
987;1;1;9
1322;0;0;9
1297;1;1;9
1373;1;2;9
954;1;4;9
494;1;8;9
882;1;5;9
364;1;0;9
1179;1;5;9
933;1;1;9
314;1;2;9
1759;1;2;9
621;1;3;9
391;1;3;9
1068;1;1;9
1983;1;7;9
592;1;8;9
1063;1;2;9
1601;1;3;9
1250;1;4;9
907;1;1;9
792;1;4;9
1888;1;7;9
1897;1;4;9
985;1;1;9
291;1;0;9
599;1;1;9
1766;1;0;9
1222;1;9;9
446;1;4;9
818;1;9;9
835;1;1;9
1547;1;7;9
963;1;1;9
787;1;0;9
526;1;5;9
844;1;9;9
817;1;9;9
1018;1;3;9
1600;1;7;9
901;1;9;9
24;0;0;9
1918;1;8;9
944;1;9;9
501;1;8;9
1319;1;3;9
821;1;2;9
402;1;1;9
339;1;0;9
1335;1;9;9
38;1;0;9
414;1;6;9
1561;1;3;9
1746;1;0;9
1399;1;4;9
1183;1;2;9
47;1;2;9
307;1;9;9
1686;1;0;9
1779;1;4;9
356;1;7;9
543;1;0;9
369;1;1;9
1682;1;2;9
119;1;8;9
1273;1;7;9
667;1;8;9
204;1;0;9
1167;1;1;9
640;1;1;9
764;1;6;9
1368;1;6;9
1025;1;8;9
1433;1;1;9
520;1;1;9
502;1;7;9
265;1;7;9
1263;1;0;9
1574;1;2;9
982;1;8;9
225;1;1;9
321;1;0;9
1885;1;5;9
1926;1;5;9
302;1;1;9
485;1;3;9
1387;1;4;9
885;1;0;9
948;1;7;9
194;1;6;9
61;1;8;9
1649;1;6;9
70;1;3;9
354;1;9;9
424;1;1;9
1164;1;3;9
443;1;6;9
1293;1;9;9
554;1;1;9
560;1;8;9
1305;1;3;9
1711;1;5;9
142;1;4;9
91;1;9;9
626;1;3;9
1564;1;5;9
1127;1;9;9
1220;1;0;9
1135;1;2;9
213;1;9;9
711;1;7;9
911;1;2;9
158;1;1;9
869;1;0;9
1176;1;7;9
1090;1;0;9
596;1;1;9
1221;1;1;9
1072;1;9;9
1353;1;2;9
854;1;1;9
78;1;9;9
564;1;7;9
106;1;8;9
1233;1;8;9
1839;1;5;9
184;1;2;9
29;1;7;9
1115;1;3;9
378;1;3;9
1432;1;2;9
241;1;0;9
629;1;2;9
1966;1;6;9
1294;1;0;9
42;1;1;9
1323;1;3;9
1028;1;2;9
797;0;8;9
1932;1;0;9
899;1;4;9
1509;1;6;9
744;1;0;9
1055;1;2;9
254;1;7;9
177;1;0;9
1881;1;5;9
1451;1;0;9
1714;1;9;9
417;1;6;9
545;1;2;9
884;1;5;9
283;1;2;9
272;1;1;9
319;1;2;9
562;1;1;9
1460;1;2;9
1801;1;7;9
896;1;7;9
1260;1;1;9
169;1;7;9
1958;1;4;9
1324;1;0;9
1371;1;4;9
1026;1;7;9
1316;1;7;9
260;1;5;9
28;1;1;9
1615;1;1;9
56;1;0;9
118;1;5;9
1693;1;2;9
1858;1;4;9
637;1;9;9
338;1;7;9
1410;1;9;9
1177;0;0;9
483;1;6;9
16;1;4;9
93;1;6;9
1081;1;7;9
325;1;8;9
893;1;6;9
1313;1;9;9
253;1;7;9
1352;1;0;9
26;1;8;9
448;1;1;9
220;1;9;9
793;1;9;9
1226;1;3;9
790;1;5;9
990;1;1;9
1977;1;3;9
631;1;3;9
294;1;6;9
644;-1;0;10
505;0;4;10
1419;1;0;10
561;-1;3;10
176;-1;0;10
726;0;4;10
670;1;1;10
951;0;9;10
423;-1;9;10
1645;-3;2;10
1967;-3;3;10
134;1;9;10
1111;1;1;10
463;-2;0;10
1890;-3;5;10
1691;-1;0;10
1114;1;5;10
1556;-3;3;10
1968;-3;3;10
379;-6;5;10
842;1;1;10
1449;1;1;10
1827;1;6;10
1337;0;0;10
117;-3;3;10
630;1;1;10
1873;0;4;10
1699;1;3;10
915;2;5;10
748;-3;7;10
1191;0;0;10
1429;-4;2;10
1039;1;3;10
1508;0;4;10
1131;1;1;10
476;1;1;10
613;1;1;10
1591;-3;3;10
841;0;6;10
573;0;0;10
776;1;1;10
551;1;1;10
305;1;1;10
862;-3;2;10
1397;0;9;10
1342;1;0;10
1942;1;1;10
1133;-2;8;10
648;-1;5;10
777;-5;2;10
1500;1;3;10
1409;-7;2;10
1611;1;1;10
1491;-3;7;10
605;-2;3;10
1490;1;1;10
81;1;6;10
377;0;3;10
1526;0;4;10
1533;-5;2;10
697;-7;3;10
544;-1;6;10
380;1;0;10
755;1;1;10
1655;-3;7;10
1412;-1;8;10
1331;1;0;10
1589;-1;5;10
1767;1;2;10
738;0;6;10
285;-3;2;10
1134;0;3;10
303;-3;2;10
1075;1;1;10
734;0;4;10
528;0;9;10
1317;1;1;10
503;-4;0;10
1037;0;5;10
1581;0;6;10
1332;-1;8;10
111;1;2;10
1152;-1;2;10
504;-4;2;10
1804;1;7;10
1093;-4;3;10
803;1;6;10
931;-2;4;10
1667;-1;0;10
786;0;1;10
871;-1;0;10
1452;1;1;10
1013;1;3;10
1496;2;7;10
529;1;0;10
1978;-2;2;10
1757;1;1;10
1562;-1;4;10
49;-6;2;10
409;1;1;10
641;-3;7;10
449;-2;7;10
1896;2;1;10
586;-2;8;10
709;-2;4;10
129;1;1;10
1658;-2;0;10
1612;0;0;10
1593;1;9;10
632;-2;6;10
1257;-2;3;10
768;0;4;10
153;-1;8;10
360;1;9;10
1086;1;1;10
579;1;1;10
182;-1;9;10
1985;-1;2;10
952;1;0;10
171;0;5;10
507;-2;8;10
1098;1;9;10
969;0;0;10
674;0;1;10
800;0;9;10
1867;2;0;10
59;0;8;10
99;-3;0;10
804;1;1;10
647;-1;6;10
1832;-2;7;10
300;-2;0;10
1149;-1;6;10
405;-1;2;10
1175;-2;7;10
946;-4;8;10
574;0;5;10
1829;0;0;10
1892;-2;7;10
531;1;0;10
23;-3;3;10
84;3;4;10
636;2;7;10
594;-2;0;10
1469;1;4;10
832;-1;3;10
1516;-5;2;10
296;-1;4;10
1742;-1;6;10
297;-1;8;10
1125;-2;7;10
1224;0;6;10
46;-4;5;10
991;1;8;10
1755;0;6;10
1825;-3;7;10
1740;0;0;10
713;3;0;10
672;2;1;10
1178;1;9;10
1216;-1;5;10
1841;-3;4;10
1080;-1;4;10
600;1;5;10
1935;-1;7;10
1927;1;1;10
1004;-3;7;10
1940;-2;8;10
1208;1;6;10
1428;-1;7;10
1590;1;1;10
57;-4;0;10
1743;1;1;10
1336;0;6;10
2005;0;6;10
1882;1;1;10
685;-2;5;10
1607;-2;2;10
1290;1;1;10
324;-7;2;10
733;-2;0;10
107;-1;5;10
973;-2;4;10
577;1;6;10
527;-4;2;10
85;0;0;10
584;-2;3;10
1071;0;7;10
1651;-2;5;10
1710;1;2;10
679;0;0;10
1067;-3;8;10
914;-2;7;10
1910;1;9;10
1038;1;1;10
1665;1;1;10
589;-5;3;10
1194;0;2;10
1416;0;1;10
1805;-1;4;10
429;-1;6;10
90;-2;0;10
1573;-7;2;10
472;1;9;10
772;1;1;10
1535;0;8;10
1436;-1;0;10
778;0;0;10
1891;1;1;10
1922;2;1;10
1168;0;1;10
1734;-3;3;10
195;-2;3;10
219;-4;2;10
1212;-1;4;10
1158;-3;8;10
1644;1;6;10
978;0;9;10
1585;-1;8;10
936;-1;8;10
886;1;4;10
1627;-1;7;10
1650;2;1;10
127;-2;7;10
1862;0;4;10
705;-3;9;10
1854;-3;8;10
1920;1;4;10
597;-2;0;10
556;0;9;10
960;-3;9;10
1984;0;5;10
1074;-2;8;10
149;-4;3;10
956;-2;0;10
814;-1;0;10
489;1;4;10
452;1;5;10
1817;1;2;10
846;-1;0;10
1716;1;1;10
635;-4;0;10
1875;0;9;10
1298;0;8;10
662;0;4;10
888;-7;2;10
1261;-1;8;10
1262;1;9;10
1527;1;6;10
492;1;1;10
326;0;6;10
166;-3;2;10
595;2;0;10
1393;-1;5;10
1652;-2;0;10
1531;1;0;10
1962;-1;0;10
992;-1;5;10
1455;0;0;10
1928;0;0;10
1872;-3;2;10
1172;2;9;10
1536;-2;3;10
1325;-5;2;10
1443;0;0;10
58;-5;2;10
945;-3;7;10
1662;-4;3;10
541;-3;8;10
469;-1;0;10
69;-3;5;10
224;-2;0;10
949;0;5;10
442;-3;7;10
706;1;1;10
1301;-1;0;10
1011;-1;4;10
1775;1;6;10
1470;-2;0;10
21;-3;0;10
623;-4;7;10
388;-2;3;10
1144;-1;2;10
926;0;9;10
1211;1;1;10
1579;0;6;10
604;-2;4;10
827;-2;6;10
404;2;1;10
1389;1;1;10
1907;-5;8;10
1057;-1;9;10
233;0;0;10
82;-4;8;10
860;-2;0;10
374;-4;7;10
943;0;0;10
275;-1;0;10
687;0;4;10
1124;0;3;10
675;-1;2;10
1939;1;9;10
1530;1;1;10
849;1;8;10
763;0;5;10
1477;1;1;10
1850;0;6;10
612;1;6;10
1480;-3;7;10
1008;1;6;10
363;-3;7;10
141;1;1;10
920;-1;9;10
1835;-4;8;10
1868;-3;8;10
1256;-3;3;10
1445;-1;7;10
461;-1;6;10
794;0;0;10
428;-1;9;10
1594;1;1;10
758;-2;0;10
332;-3;3;10
1502;-2;6;10
753;-3;2;10
295;3;7;10
852;1;4;10
50;1;1;10
1348;-2;7;10
906;1;1;10
276;1;1;10
496;-3;3;10
1030;-7;2;10
337;-5;2;10
1247;-2;7;10
1375;-2;8;10
1255;-3;7;10
1642;8;7;10
742;-1;9;10
1931;1;0;10
1946;1;0;10
10;-6;2;10
1166;-2;7;10
1486;-4;7;10
190;-1;7;10
686;-3;5;10
693;-3;9;10
994;0;0;10
1637;-2;3;10
131;-6;2;10
1704;1;1;10
532;-1;0;10
183;2;7;10
1029;-3;8;10
1174;0;4;10
1218;-1;2;10
1512;1;1;10
1417;-2;3;10
1659;-1;4;10
1973;0;6;10
1510;-1;4;10
789;-2;5;10
741;-4;5;10
1988;-3;0;10
1087;1;2;10
690;-1;6;10
1772;-7;2;10
913;0;9;10
1107;-1;3;10
681;4;7;10
1234;-2;6;10
1270;-1;9;10
1312;-5;3;10
1321;-3;2;10
567;0;4;10
1444;-1;4;10
65;-6;2;10
1394;0;4;10
116;0;3;10
1799;0;6;10
1694;-1;0;10
1916;-4;2;10
1943;0;0;10
412;-1;9;10
937;1;9;10
921;-4;0;10
655;2;1;10
1396;-4;2;10
1728;0;5;10
916;1;8;10
1504;1;1;10
1365;0;5;10
1040;-5;8;10
587;-1;9;10
67;-3;0;10
1238;-2;3;10
140;1;1;10
1425;-1;4;10
558;1;1;10
1569;-3;3;10
1007;0;8;10
1789;1;4;10
365;0;6;10
397;0;0;10
282;-1;0;10
185;-3;3;10
1308;2;7;10
1232;2;6;10
255;-1;6;10
851;1;1;10
1106;1;4;10
603;-1;3;10
747;-5;3;10
62;-3;2;10
179;-1;5;10
537;-6;8;10
890;-1;2;10
593;-5;5;10
1748;1;8;10
761;2;4;10
1788;-1;0;10
1119;-2;9;10
413;0;6;10
74;0;9;10
799;-1;7;10
466;1;9;10
1483;-1;4;10
1806;-5;2;10
1307;0;0;10
666;-2;5;10
345;1;1;10
547;1;1;10
298;0;2;10
563;0;6;10
122;-2;0;10
1979;-1;8;10
280;1;4;10
1438;0;9;10
1778;1;1;10
353;-3;5;10
45;2;1;10
286;0;0;10
721;0;4;10
1388;-6;8;10
1930;1;0;10
482;-1;0;10
163;0;6;10
1866;-1;5;10
759;-2;4;10
770;0;0;10
1503;1;1;10
756;-4;3;10
420;-2;0;10
372;0;6;10
1340;1;7;10
456;-7;2;10
1674;1;5;10
155;-2;3;10
511;-1;1;10
159;0;9;10
1076;-2;5;10
1690;-5;5;10
39;-1;6;10
41;1;9;10
1919;-1;4;10
441;0;6;10
746;0;4;10
1525;1;1;10
1102;1;1;10
1914;-4;3;10
806;-1;5;10
1169;-2;4;10
719;-2;0;10
34;-2;3;10
1929;-4;8;10
923;-2;3;10
19;1;1;10
1434;1;1;10
1000;-4;9;10
796;0;4;10
861;-4;2;10
724;0;4;10
1623;-2;7;10
1035;2;1;10
1664;-2;0;10
1085;-1;9;10
124;1;9;10
1774;1;1;10
1264;0;0;10
1571;0;4;10
1484;1;4;10
259;-1;8;10
1784;-1;7;10
765;0;3;10
125;-1;5;10
52;1;0;10
1782;-5;2;10
1153;1;1;10
1;-1;0;11
649;2;0;11
30;-1;8;11
1538;-4;9;11
550;-1;0;11
1326;1;9;11
156;-2;0;11
1370;1;1;11
966;-1;9;11
872;-4;9;11
150;-5;5;11
512;-7;5;11
387;-3;3;11
1864;2;7;11
1713;0;5;11
903;0;8;11
317;1;0;11
1034;10;2;11
1437;1;0;11
897;11;0;11
410;1;1;11
653;-1;0;11
63;1;0;11
1998;1;1;11
580;1;0;11
1974;2;3;11
436;4;4;11
1441;-1;7;11
399;-2;0;11
892;0;1;11
1584;-1;3;11
480;-3;0;11
403;-3;0;11
181;1;0;11
962;3;7;11
447;-9;5;11
875;-3;0;11
1796;7;2;11
716;2;0;11
1558;-7;8;11
993;-3;8;11
1473;1;1;11
1065;0;7;11
1129;5;2;11
301;-1;0;11
513;-2;3;11
1099;-1;0;11
384;-7;4;11
1182;0;8;11
1285;3;0;11
3;4;0;11
798;2;0;11
1668;0;4;11
1739;2;2;11
168;-3;0;11
1052;10;4;11
248;-1;0;11
853;1;4;11
1852;-4;5;11
1482;-2;5;11
627;6;2;11
634;1;3;11
191;-1;3;11
12;0;9;11
740;-5;5;11
876;-1;3;11
1271;1;1;11
808;1;1;11
980;1;1;11
1786;-2;3;11
784;3;0;11
133;1;1;11
1363;3;0;11
680;3;7;11
500;6;0;11
1369;-1;6;11
87;3;4;11
1354;0;1;11
121;1;6;11
1128;0;9;11
752;9;2;11
350;6;6;11
1395;0;1;11
1501;2;9;11
35;1;1;11
97;1;6;11
1803;-2;0;11
1275;3;6;11
236;2;0;11
72;8;4;11
1870;7;2;11
639;5;2;11
714;1;1;11
1006;0;8;11
1472;-2;7;11
977;11;2;11
1887;2;0;11
1754;-2;7;11
701;-2;7;11
1856;0;8;11
1442;-3;3;11
199;1;4;11
1577;3;3;11
661;0;3;11
895;3;4;11
479;-2;6;11
1296;-1;8;11
487;1;3;11
1857;2;4;11
493;1;1;11
1426;-2;3;11
288;-1;6;11
1613;-2;5;11
1461;-6;9;11
96;-1;5;11
1808;-6;9;11
217;2;6;11
68;0;1;11
2;9;0;11
1051;-1;8;11
202;-4;0;11
638;-2;0;11
309;-2;7;11
243;0;9;11
958;1;1;11
696;-5;0;11
53;-1;3;11
924;-2;8;11
1288;-1;3;11
883;12;2;11
1277;1;1;11
1822;-2;0;11
1499;-4;8;11
1688;1;1;11
1338;10;3;11
1199;3;6;11
92;-1;5;11
1721;7;2;11
727;-1;4;11
348;0;5;11
1268;-4;0;11
1982;-1;8;11
1448;1;1;11
250;-3;0;11
1083;0;0;11
370;15;2;11
230;1;4;11
997;6;6;11
198;1;1;11
1459;-1;2;11
1123;-3;0;11
795;1;9;11
1912;-7;9;11
1792;-4;0;11
101;4;2;11
571;5;4;11
1003;13;2;11
351;1;1;11
780;11;2;11
904;8;5;11
1777;2;6;11
1595;3;6;11
833;-1;0;11
1197;-1;1;11
89;0;9;11
712;1;1;11
1364;-1;4;11
986;0;0;11
1377;3;3;11
703;6;7;11
359;1;1;11
1670;5;0;11
729;1;1;11
767;-4;5;11
498;2;6;11
575;6;6;11
186;1;1;11
718;1;0;11
1422;11;0;11
1666;1;1;11
1715;-1;7;11
79;-1;3;11
1961;4;3;11
167;0;7;11
128;10;2;11
1143;-2;9;11
232;-2;9;11
1253;1;3;11
1765;-4;9;11
284;-9;4;11
801;0;9;11
408;1;1;11
1356;1;9;11
530;-3;8;11
1905;-11;4;11
212;1;1;11
382;-2;0;11
216;5;7;11
540;1;4;11
1951;-11;4;11
736;-4;4;11
112;5;2;11
1112;6;3;11
357;-6;7;11
1157;-3;4;11
88;-2;3;11
1210;1;4;11
917;-1;6;11
918;-4;8;11
1923;-5;5;11
1215;4;0;11
1741;1;0;11
1969;1;4;11
927;2;6;11
657;2;3;11
145;0;3;11
322;7;6;11
1254;-3;7;11
1188;6;5;11
1411;1;1;11
1116;-1;0;11
1517;2;2;11
1478;-12;4;11
683;0;8;11
1583;-4;0;11
553;5;0;11
732;-5;8;11
1136;7;2;11
1162;1;8;11
1537;1;1;11
1311;0;3;11
1614;-2;4;11
77;1;1;11
1717;0;9;11
154;1;1;11
1560;1;1;11
591;13;2;11
975;0;8;11
75;0;9;11
123;1;9;11
148;7;0;11
908;1;1;11
310;1;1;11
43;3;3;11
1398;-4;3;11
1392;-2;4;11
707;4;6;11
887;-2;8;11
1836;1;1;11
1423;1;6;11
1860;-3;3;11
1248;11;2;11
1671;-5;0;11
1475;-2;7;11
1024;-1;7;11
1586;0;9;11
1811;4;6;11
1101;0;7;11
823;1;9;11
1156;9;3;11
432;-2;3;11
1121;12;2;11
2000;-1;7;11
1821;1;1;11
1539;1;3;11
8;1;1;11
868;0;1;11
1450;0;0;11
486;8;2;11
815;-8;4;11
1137;3;6;11
51;-1;5;11
578;1;1;11
650;1;6;11
1826;-2;9;11
1015;-6;4;11
1683;2;7;11
950;11;2;11
922;7;6;11
1994;3;2;11
1062;1;1;11
1542;0;0;11
622;1;9;11
421;-3;3;11
1550;-1;0;11
566;0;6;11
633;-1;5;11
257;-3;0;11
231;0;7;11
1643;-2;8;11
1646;3;6;11
6;-1;4;11
415;-2;9;11
208;12;2;11
1383;-5;5;11
1787;-1;7;11
4;0;1;11
1853;0;3;11
1295;1;1;11
1479;3;3;11
609;3;4;11
273;3;0;11
1350;1;4;11
720;2;1;11
1987;-1;7;11
1540;5;0;11
1060;1;6;11
1382;-1;8;11
1706;-3;8;11
1696;-5;0;11
459;1;1;11
1678;13;7;11
1552;1;1;11
1054;-1;6;11
998;0;6;11
1582;1;1;11
1762;2;4;11
104;9;2;11
695;2;8;11
362;2;6;11
1924;3;6;11
1833;-9;4;11
1986;2;0;11
261;-3;3;11
1091;4;4;11
1314;-3;5;11
879;1;9;11
1771;1;1;11
524;-2;3;11
940;9;2;11
1723;0;0;11
211;11;2;11
375;3;2;11
1390;1;9;11
440;1;1;11
1610;1;1;11
847;4;6;11
874;2;9;11
1849;-10;8;11
1286;1;1;11
1151;-1;3;11
1130;-3;7;11
1735;1;1;11
71;0;8;11
1791;1;1;11
1842;1;1;11
304;8;2;11
1980;-1;5;11
642;-2;4;11
1570;5;6;11
1634;1;1;11
692;0;7;11
1045;8;2;11
620;7;2;11
1630;5;8;11
788;1;9;11
488;3;8;11
549;-1;6;11
445;-1;8;11
268;-9;9;11
1566;-11;5;11
1027;-2;7;11
327;-2;7;11
725;-3;4;11
659;6;7;11
1995;-1;0;11
1863;2;6;11
957;0;9;11
1660;0;7;11
464;0;3;11
665;-3;7;11
5;0;0;11
708;-3;9;11
136;-2;8;11
102;1;1;11
1300;0;0;11
625;-1;0;11
766;5;2;11
207;-1;8;11
1809;2;6;11
200;0;9;11
863;0;9;11
1049;6;2;11
1523;6;0;11
196;2;8;11
1769;0;9;11
1464;0;6;11
552;-1;0;11
113;-3;3;11
1605;1;4;11
335;-2;0;11
866;-3;8;11
1245;0;2;11
508;-3;0;11
891;-1;6;11
48;0;9;11
1407;0;1;11
1138;1;1;11
331;-5;8;11
371;-3;3;11
32;-4;0;11
739;16;2;11
1108;-8;9;11
1936;-1;0;11
1361;0;6;11
700;-2;5;11
858;2;1;11
1904;0;9;11
1435;-1;0;11
873;0;9;11
824;4;2;11
881;-1;0;11
585;-1;3;11
811;9;2;11
610;1;1;11
292;-2;0;11
1727;3;4;11
857;-6;8;11
1588;-8;8;11
517;8;0;11
1287;-3;7;11
947;14;2;11
834;1;4;11
1203;0;6;11
1362;2;3;11
760;6;7;11
430;1;1;11
1758;1;2;11
471;3;4;11
1378;0;7;11
1165;-1;7;11
1751;1;6;11
251;-3;0;11
1941;-1;8;11
100;-1;3;11
139;-6;8;11
105;0;0;11
576;-3;3;11
938;1;1;11
1059;1;0;11
919;1;8;11
1097;3;6;11
1489;8;4;11
1959;2;5;11
805;-3;3;11
221;2;0;11
1820;1;1;11
1424;0;6;11
1347;9;2;11
1622;5;4;11
1050;0;4;11
750;-4;8;11
1810;-2;4;11
1764;-3;0;11
450;13;2;11
961;-3;8;11
174;-10;5;11
390;1;1;11
785;-5;5;11
1800;0;6;11
376;-3;8;11
775;2;0;11
1022;-4;5;11
1044;-8;5;11
682;1;9;11
218;-2;0;11
514;1;1;11
590;0;0;11
676;2;3;11
1381;-2;4;11
762;2;6;11
215;10;2;11
1553;-4;7;11
454;7;2;11
27;-4;9;11
1283;-2;0;11
1697;13;2;11
542;3;2;11
516;8;7;11
1972;-2;9;11
1053;-2;7;11
1945;4;7;11
728;1;1;11
673;5;4;11
930;-2;0;11
619;11;2;11
757;1;1;11
810;-2;0;11
1845;-1;9;11
870;-2;8;11
1239;1;6;11
1267;-2;6;11
1737;1;3;11
60;5;3;11
470;-9;4;11
244;4;2;11
1747;0;8;11
669;-1;0;11
290;3;2;11
1343;7;2;11
1669;0;1;11
20;1;1;11
1506;7;0;11
820;-2;5;11
569;1;1;11
660;12;2;11
407;1;1;11
306;10;2;11
518;6;0;11
427;11;2;11
1225;-3;8;11
618;1;9;11
1636;0;4;11
